#{"t_start": 1762977699.29812, "env_id": "None"}
r,l,t
-14.2,12,3.329132
-10.6,6,3.731581
-3.4,9,4.241972
-12.4,9,4.745445
-6.1,6,5.133551
-10.9,9,5.633814
-9.1,6,6.061375
-13.3,18,6.842179
-12.1,6,7.285833
5.3,17,8.05122
-10.6,21,8.968155
-3.7,12,9.581431
-12.1,6,10.011536
-12.7,7,10.470157
-5.5,20,11.280967
-7.6,6,11.717727
-12.1,6,12.140963
-4.0,10,12.71073
-1.9,9,13.209868
-4.6,16,13.910396
-2.8,28,15.012564
-1.9,9,15.519528
-5.2,7,15.919462
-11.8,63,18.177881
-0.4,14,18.865155
-2.5,15,19.556831
-13.0,15,20.265785
-1.3,13,20.875936
-9.1,6,21.275592
-12.1,6,21.676883
-10.6,6,22.117893
-4.3,8,22.58565
-9.1,6,23.001284
0.5,45,24.686823
0.8,27,25.817213
-12.4,29,26.91254
-8.2,7,28.723898
3.5,70,31.141504
-0.7,12,31.742918
-4.6,6,32.164229
-12.1,6,32.569497
-7.3,8,33.072013
-10.9,9,33.565164
-17.8,18,34.364653
-12.7,17,35.158869
-6.1,6,35.567443
1.1,29,36.667769
-9.4,19,37.471852
-3.7,12,38.072295
-2.8,8,38.575954
10.7,28,39.682977
-10.6,6,40.099971
-6.7,37,41.499499
-9.1,6,41.944426
6.8,22,42.838069
-11.2,7,43.24846
-1.9,9,43.748656
-4.6,6,44.170303
-13.9,9,44.642344
3.2,23,45.558011
-7.6,6,46.000832
1.1,14,46.669005
-16.9,39,48.055198
-4.6,6,48.493128
-8.2,22,49.380541
-1.9,9,49.905117
-6.1,31,51.092257
-9.7,12,52.751877
2.0,20,53.512868
5.6,39,55.041898
-7.6,6,55.472496
-7.6,11,56.038397
-10.6,6,56.468297
-6.7,7,56.929391
-4.6,6,57.330247
-4.6,6,57.770105
-4.6,6,58.218365
-4.6,6,58.638439
-3.7,7,59.049783
-1.9,9,59.551383
10.7,23,60.479204
6.8,27,61.490355
-2.8,8,61.975627
-0.4,14,62.604257
-6.4,14,63.215409
-5.2,17,63.946001
-1.6,41,65.441327
-2.8,18,66.247837
5.6,24,67.277562
12.8,37,68.678445
-6.1,6,69.125644
13.4,36,70.425377
-4.6,6,70.823807
-4.6,6,71.224691
-5.5,20,72.039619
-9.1,6,72.477679
-1.9,34,73.731256
1.4,16,74.44263
-5.5,10,74.948655
-1.9,9,75.460387
-4.6,11,76.941858
4.7,18,77.655845
0.8,12,78.258441
3.5,20,79.063552
9.2,28,80.175693
11.3,57,82.141635
-4.3,8,82.634225
-1.3,13,83.25738
-3.7,12,83.860569
-0.7,12,84.449686
-2.2,12,85.059116
-6.1,6,85.445225
0.2,13,86.071576
5.9,31,87.265321
-6.1,6,87.705149
-0.4,14,88.369887
9.5,40,89.878464
2.6,24,90.78388
1.1,14,91.485579
1.4,16,92.194123
-5.5,10,92.69534
15.5,35,93.999404
40.7,78,96.717985
10.4,26,97.736557
6.2,28,99.765336
10.7,23,100.687616
-4.3,8,101.174115
-1.3,18,101.979498
-2.8,8,102.503582
-4.6,6,102.950903
-9.1,6,103.357486
-3.7,7,103.820425
-7.6,6,104.230488
-6.1,6,104.676153
-6.1,6,105.068521
-4.6,6,105.452569
-1.0,10,106.004753
8.6,24,107.010539
-1.0,10,107.517147
-4.6,6,107.919623
-2.5,10,108.445373
-4.9,9,108.92047
-3.4,9,109.453281
1.1,14,110.134047
-4.6,6,110.545253
-1.0,10,111.063246
-4.3,8,111.555053
4.1,19,112.36623
-0.1,16,113.063413
-1.9,9,113.5663
-4.6,6,113.989691
-5.2,7,114.38151
-3.7,7,114.808522
-1.6,11,115.386975
9.5,25,116.418214
-4.6,6,116.822257
2.0,15,117.506691
2.3,22,118.410975
-4.6,11,119.025848
0.5,15,119.708994
-4.6,6,120.12713
-2.5,10,120.678316
-7.3,8,121.161839
-4.3,8,121.648032
-4.6,6,122.045843
7.7,28,123.154172
4.7,23,124.064416
-4.6,6,124.505396
1.7,13,126.001661
-12.4,9,126.483114
3.5,25,127.486789
-4.0,15,128.211705
23.9,46,129.921133
-6.1,6,130.359813
-3.1,11,130.922243
-1.9,9,131.428917
2.6,14,132.125644
-3.7,7,132.540972
23.9,56,134.560397
8.6,24,135.555862
12.2,33,136.713454
-4.6,6,137.123998
3.5,15,137.811037
-1.6,11,138.422192
13.4,26,139.439605
-7.6,6,139.846521
-4.0,15,140.526104
-4.3,8,140.956764
11.9,36,142.317726
-1.9,9,142.812279
-6.1,6,143.239668
-4.6,11,143.79813
-4.6,6,144.204507
-1.3,18,145.046431
-6.1,6,145.459864
-6.1,6,145.909288
-4.6,6,146.313173
-4.6,6,146.736545
-4.0,15,147.446491
-2.8,8,147.922023
-2.8,8,148.420883
2.6,14,149.126497
-11.8,18,150.875678
-7.6,6,151.322903
-3.7,7,151.774006
-0.1,11,152.34125
11.6,24,153.348407
17.0,35,154.669361
-0.1,11,155.256141
8.6,24,156.256705
-1.6,11,156.856482
-2.8,13,157.48129
-7.3,8,157.980082
-4.6,6,158.412956
-2.2,12,158.974962
8.3,22,159.876281
-4.6,6,160.275195
-7.6,6,160.673363
2.6,14,161.292369
0.2,13,161.925556
-4.6,6,162.396929
-4.6,6,162.818697
20.3,37,164.22061
-4.3,8,164.707475
1.7,13,165.335192
-2.8,8,165.820179
-4.6,6,166.208164
8.9,21,167.126772
23.0,40,168.65661
9.8,27,169.747108
-4.6,6,170.144464
-7.6,6,170.545964
-0.1,11,171.147206
-2.5,10,171.667918
2.0,15,172.359854
-4.6,6,172.799091
5.0,20,173.685588
-4.6,6,174.089358
9.5,30,176.185889
5.0,25,177.177628
-3.7,7,177.609662
-4.6,6,177.993281
-4.0,10,178.502179
-6.1,6,178.905588
2.9,16,179.609381
-1.0,10,180.106647
-3.1,11,180.646874
-8.5,10,181.158326
-2.2,12,181.754814
-0.1,11,182.364948
1.1,14,183.002841
-0.1,11,183.575442
-4.6,6,183.997524
-4.6,6,184.401647
-5.8,13,185.082188
-1.9,9,185.585447
-4.6,6,186.038646
6.2,18,186.810966
0.8,12,187.419714
-4.6,6,187.848699
5.6,19,188.659249
-3.1,16,189.379421
9.8,22,190.27799
32.9,51,192.10725
-4.6,6,192.478569
-1.6,11,193.003138
-6.1,6,193.448862
4.4,16,194.193432
-4.6,6,194.593864
-6.1,6,195.021503
-0.1,11,195.595602
16.4,41,197.122627
-6.1,6,197.546598
5.0,25,198.517138
-4.6,6,198.926985
12.2,33,201.321586
-2.8,8,201.661557
-1.9,9,202.159316
-3.7,7,202.561824
-4.6,6,202.935976
-3.7,7,203.367995
-4.6,6,203.794421
20.9,36,205.170266
2.3,22,206.076559
-1.9,9,206.579718
-4.6,6,206.979329
2.0,15,207.685671
-3.4,9,208.210784
7.1,19,209.017589
-4.6,6,209.410336
-4.6,6,209.823989
-1.0,10,210.35583
4.7,18,211.141202
-1.9,9,211.637573
-6.1,6,212.020283
-4.9,9,212.55544
-2.8,8,213.034843
0.8,12,213.658699
-1.9,9,214.157548
-6.1,6,214.563099
-6.1,6,215.003013
-2.8,8,215.487281
-4.6,6,215.872131
-1.9,9,216.4029
-4.6,6,216.807644
-0.7,12,217.431042
-4.6,6,217.811821
-2.8,8,218.286252
-4.6,6,218.72542
-4.6,6,219.133141
-4.0,10,219.686615
-2.8,8,220.187848
-4.6,6,220.618114
-2.5,15,221.322983
-4.6,6,221.764072
-1.0,10,222.303963
-4.6,6,222.707292
-4.6,6,223.169777
-1.0,10,223.718829
17.9,36,225.036667
-4.6,6,225.44328
-6.1,6,225.836574
-2.8,8,226.330338
-1.9,9,226.834656
31.4,46,229.38447
3.5,15,230.081988
-3.7,12,230.690901
2.9,16,231.412396
16.4,31,232.638224
-2.8,8,233.141037
-4.6,6,233.560783
7.1,19,234.433797
-4.6,6,234.817939
-4.6,6,235.228985
-4.6,6,235.662263
-0.1,11,236.246229
9.8,22,237.121258
-4.3,8,237.646879
5.3,17,238.447152
3.5,15,239.151255
-4.6,6,239.594079
-4.6,6,240.012186
-1.3,13,240.643242
31.7,48,242.357507
-6.1,6,242.769948
0.8,12,243.39575
20.6,34,244.665952
-4.6,6,245.079086
-3.4,9,245.573798
21.5,35,246.898873
6.5,25,247.889675
17.0,35,249.194849
7.1,19,250.039294
2.6,14,250.715708
-4.6,6,251.111291
11.6,29,252.215514
-1.9,9,253.469041
-6.1,6,253.890724
-7.3,8,254.352059
-4.6,6,254.774768
-2.8,8,255.276574
-1.9,9,255.777389
-6.1,6,256.201119
27.8,42,257.748925
3.5,15,258.453733
-3.4,9,258.95824
8.0,20,259.802066
-9.1,6,260.209724
-1.9,9,260.693312
-4.6,6,261.087749
-0.1,11,261.681767
-4.6,6,262.090977
-6.1,6,262.512694
-3.4,9,262.994373
38.9,56,265.006076
-3.7,7,265.426841
-4.6,6,265.870698
1.7,13,266.511642
-6.1,6,266.912131
0.8,12,267.522437
-4.6,6,267.942154
-1.0,10,268.422134
-4.6,6,268.823159
-0.1,11,269.443773
-4.6,6,269.848165
3.8,17,270.63364
0.8,12,271.238417
-4.6,6,271.640486
29.0,45,273.263965
-4.6,6,273.663407
-2.8,8,274.160186
2.6,14,274.879541
-7.3,8,275.365877
-6.1,6,275.797582
-3.7,7,276.270401
-4.6,6,276.67723
17.9,51,279.523226
18.2,33,280.707149
-0.7,12,281.308855
8.9,21,282.202914
-4.6,6,282.624241
4.4,16,283.35686
-4.6,6,283.77582
-2.8,8,284.233314
2.0,15,284.93611
-5.5,10,285.464505
-1.6,11,286.048624
-2.8,8,286.551682
-4.6,6,286.950298
-6.1,6,287.350869
21.2,38,288.760797
-1.0,10,289.270628
-7.6,6,289.684422
-4.6,6,290.126991
10.4,26,291.192285
-5.2,7,291.611238
-1.9,9,292.131058
-4.3,8,292.596267
0.8,17,293.402636
0.8,12,294.031116
13.4,26,295.130944
-2.8,8,295.615564
-6.1,11,296.218023
0.2,18,297.023213
-6.1,6,297.452089
-4.6,6,297.87079
4.7,18,298.63503
-2.8,8,299.131415
-2.8,8,299.636142
-1.0,15,300.352393
-1.9,9,300.876595
0.8,12,301.493091
5.3,17,302.26475
-6.4,9,302.765813
-4.6,6,303.186141
3.8,17,303.966357
-4.6,6,304.391938
-0.1,11,304.992996
-4.3,8,306.244163
-2.8,8,306.68843
1.7,18,307.482004
-3.4,9,307.985778
-1.0,10,308.511594
-2.8,8,308.997413
-3.1,11,309.600315
8.3,22,310.539283
-2.8,8,311.023483
-5.8,8,311.53114
-7.6,6,311.941762
-4.6,6,312.344775
-4.6,6,312.807083
-4.6,6,313.212669
-0.7,12,313.856144
-0.1,11,314.443739
0.8,12,315.02833
-4.6,6,315.457863
-1.9,9,315.934756
-4.6,6,316.376707
24.5,40,317.87353
-4.0,10,318.470828
-1.6,11,319.054516
-0.7,12,319.677954
3.5,15,320.36764
5.6,19,321.194888
-4.6,6,321.603871
11.6,24,322.580973
-6.4,9,323.103447
17.9,31,324.32553
-2.8,8,324.812991
-4.6,6,325.253149
-2.8,8,325.736799
-6.1,6,326.144537
7.1,19,326.931942
-0.1,11,327.52932
16.4,31,328.818635
-6.1,6,329.222123
0.8,12,329.822308
7.1,19,330.64167
2.9,21,331.530829
-4.6,6,332.633321
1.4,16,333.346104
8.9,21,334.247763
0.8,12,334.855084
-4.6,6,335.31506
-1.0,10,335.874473
-6.1,6,336.286854
-4.6,6,336.746903
2.6,19,337.593852
1.7,13,338.173547
-1.9,9,338.693679
-2.8,8,339.181621
3.5,15,339.884434
7.1,19,340.705398
-4.6,6,341.111719
-1.9,9,341.5968
-4.6,6,341.997184
6.2,18,342.821704
-7.6,6,343.270557
-3.7,7,343.732581
3.5,15,344.42675
-3.4,9,344.92559
5.3,17,345.716056
15.2,28,346.82392
-1.9,9,347.329204
14.9,31,348.54071
-4.6,6,348.943001
-1.9,9,349.467021
8.6,24,350.458631
-6.1,6,350.861837
-4.3,13,351.476789
11.9,26,352.504329
6.5,20,353.388671
28.1,44,355.015799
-4.6,6,355.395509
-4.6,6,355.817789
-4.6,6,356.203646
-0.1,11,356.822233
13.4,26,358.408705
6.2,18,359.216101
-4.6,6,359.643131
11.0,25,360.680727
3.5,15,361.349188
10.1,24,362.294959
14.6,29,363.413464
9.5,25,364.428726
-2.8,8,364.916759
-1.0,10,365.444985
-4.6,6,365.851825
5.3,17,366.633132
20.0,35,367.939289
-1.9,9,368.446549
12.5,25,369.455933
-0.4,14,370.136424
-4.6,6,370.564759
-1.9,9,371.059698
12.5,25,372.059587
-2.8,8,372.559129
4.1,19,373.392259
8.0,20,374.3042
-0.1,11,374.88823
-4.3,8,375.407245
-4.6,6,375.815551
-4.6,6,376.252665
4.4,16,376.993061
-4.6,6,377.39589
-4.0,10,377.906333
4.7,18,378.737639
-6.1,6,379.149441
2.6,14,379.834756
-6.1,6,380.277964
-0.7,12,380.863657
-5.2,7,381.345214
-0.7,12,381.980364
-8.2,7,383.271926
-2.8,8,383.709574
-1.0,10,384.300357
-5.2,7,384.806155
-0.7,12,385.417103
-4.6,6,385.858924
-1.9,14,386.501221
0.8,12,387.120412
14.3,27,388.206117
0.5,15,388.910002
-3.7,7,389.31982
19.7,33,390.639797
-4.6,6,391.065641
-2.8,8,391.547523
-7.6,6,391.970713
-7.3,8,392.429922
-1.9,9,392.942183
25.7,48,394.741751
-0.7,12,395.344067
17.0,30,396.547795
-4.6,6,396.947932
8.9,21,397.836276
-2.2,12,398.476336
5.3,17,399.261564
2.6,14,399.956197
-3.7,7,400.389224
11.0,25,401.40348
-3.4,9,401.905993
-6.1,6,402.290272
-1.9,9,402.809251
-2.8,8,403.29112
-6.1,6,403.696449
2.6,14,404.302592
-1.9,9,404.820282
2.6,14,405.524026
-2.8,8,406.004281
8.0,25,407.012491
10.7,23,408.808892
1.1,19,409.528201
-4.6,6,409.973055
-2.5,10,410.537057
-4.6,6,410.946961
1.7,13,411.549214
2.9,16,412.270108
-2.8,8,412.749901
-1.0,10,413.267605
-4.6,6,413.709463
-3.7,7,414.164047
8.9,21,415.069242
-2.8,8,415.587925
-2.8,8,416.088847
5.3,17,416.890567
-0.7,12,417.500227
-3.7,7,417.996223
-2.8,8,418.439815
-4.6,6,418.871002
1.1,14,419.554259
-4.6,6,419.976434
-4.6,6,420.36603
5.3,17,421.158126
41.3,57,423.15519
17.3,37,424.562804
-0.7,12,425.175537
-4.6,6,425.585576
0.8,12,426.18512
-1.9,9,426.681672
-4.6,6,427.086661
4.4,16,427.791356
-2.8,8,428.285592
-1.9,9,428.820827
-4.6,6,429.246396
3.5,15,429.952158
1.7,13,430.571515
0.2,13,431.176435
-4.6,6,431.586746
-4.6,6,431.966604
0.8,12,432.567434
-2.5,10,433.139055
-4.6,6,433.515053
3.5,15,434.250667
-6.1,6,435.448402
1.1,14,436.026646
14.3,32,437.229934
4.7,18,438.033535
-2.8,8,438.539958
9.8,22,439.460206
-1.9,9,439.963114
6.8,22,440.873177
10.1,24,441.876608
-4.6,6,442.279328
-4.6,6,442.688614
5.9,21,443.575682
-4.6,6,444.019595
0.2,13,444.681734
2.9,16,445.388712
40.4,61,447.518636
0.8,12,448.119455
-4.6,6,448.562264
-0.7,12,449.132663
13.1,29,450.207164
17.3,32,451.435344
23.0,40,452.946415
-6.1,6,453.352982
-4.6,6,453.778913
-2.8,8,454.23779
-3.4,9,454.736683
-1.0,10,455.249573
-2.8,8,455.747126
7.1,19,456.554101
21.2,38,458.905638
-4.6,6,459.250242
-6.7,7,459.705482
2.6,14,460.407427
-4.6,6,460.798281
-4.9,9,461.315945
-2.8,8,461.802648
4.1,19,462.614873
-4.6,6,463.013436
-4.6,6,463.416213
11.6,29,464.536192
-6.1,6,464.913862
-0.7,12,465.542107
-3.7,7,465.964234
3.5,15,466.666597
4.7,18,467.485582
-1.3,13,468.072329
11.0,25,469.071249
1.7,13,469.692046
2.3,17,470.400847
4.4,16,471.104363
-4.3,8,471.603647
0.8,12,472.211389
-4.6,6,472.601774
3.5,15,473.340487
-4.3,8,473.813393
-1.9,9,474.319564
-4.6,6,474.741595
2.9,16,475.538412
-2.8,8,476.022251
-1.0,10,476.529011
-3.4,9,477.037338
-4.6,6,477.410243
7.4,21,478.356112
-1.6,11,478.940524
-6.1,6,479.347161
-6.1,6,479.767321
-4.6,6,480.178624
-4.6,6,480.573515
-6.1,6,480.999063
2.9,21,481.882674
-4.6,6,482.287937
-1.9,9,482.770535
0.8,12,483.392761
-0.1,11,483.976763
6.5,20,484.803548
-4.6,6,486.030826
0.2,13,486.575325
-4.6,6,486.996045
18.2,33,488.28633
12.5,30,489.515956
-0.7,12,490.095937
-4.6,6,490.476315
29.9,46,492.203085
11.6,24,493.233451
-6.1,6,493.644151
-0.7,12,494.247496
-3.4,9,494.751559
-1.9,9,495.255331
2.0,15,495.961325
-6.1,6,496.364601
-0.1,11,496.935423
-4.3,8,497.454794
-4.6,6,497.846774
-4.6,6,498.242373
4.7,23,499.181222
-2.8,8,499.685917
-4.6,6,500.091081
-1.9,9,500.584278
11.9,26,501.61876
-1.9,9,502.134473
-7.6,6,502.53725
0.8,12,503.131426
-2.8,8,503.65407
2.6,14,504.354415
8.9,21,505.234534
-1.9,9,505.741585
17.3,32,506.95218
4.7,18,507.772269
9.5,25,508.797299
-3.7,12,509.386553
0.2,13,510.017239
7.4,21,511.60366
2.3,17,512.383202
-4.6,6,512.810075
2.3,17,513.600285
-6.1,6,513.99845
-6.1,6,514.431858
4.4,16,515.125911
-4.6,6,515.516787
3.8,17,516.258697
-5.8,8,516.747088
-4.6,6,517.152702
0.8,12,517.750162
-1.9,9,518.257983
-4.6,6,518.660436
-3.7,7,519.079073
28.4,46,520.789411
4.7,18,521.581867
7.4,21,522.483946
-1.9,9,523.005209
-6.1,6,523.446085
4.7,18,524.209156
0.8,12,524.793717
-4.6,6,525.206976
6.2,23,526.11045
-1.9,9,526.614143
-4.6,6,527.016442
-4.6,6,527.427015
-2.8,8,527.934911
-4.6,16,528.640142
-2.8,8,529.162024
-6.4,9,529.639032
-4.6,6,530.039117
7.7,23,530.986136
16.1,34,532.19708
-4.3,8,532.70524
-3.4,9,533.193866
-4.6,6,533.626525
-4.6,6,534.047884
6.8,27,535.124737
-4.3,8,535.630589
-6.7,7,536.889728
-0.1,11,537.354406
-1.9,14,538.023422
-5.8,8,538.542709
-4.6,6,538.934091
-4.6,6,539.358343
-3.1,11,539.93661
8.0,20,540.74661
-1.6,11,541.3516
-6.1,6,541.797199
8.0,30,542.996838
3.5,15,543.692501
2.3,17,544.4767
-4.3,8,544.993901
-4.6,6,545.384311
-6.1,6,545.805073
-2.8,8,546.288352
-0.7,12,546.894187
7.1,24,547.914181
-7.6,6,548.300455
12.5,30,549.403264
-3.7,12,550.028205
1.1,14,550.714634
16.4,31,551.915774
26.6,44,553.447301
-2.5,10,553.931204
-6.1,6,554.373729
22.7,38,555.777477
8.6,29,556.900858
-0.7,12,557.484171
-6.1,6,557.883662
8.3,22,558.812395
-0.7,12,559.417283
-3.4,9,559.90387
-3.1,11,561.50193
12.5,30,562.549752
6.2,18,563.357374
8.6,24,564.365195
-1.3,13,565.006594
3.5,15,565.657497
16.4,31,566.896758
-1.9,9,567.381604
-3.7,7,567.766289
-3.7,7,568.191165
8.9,26,569.223136
-7.3,8,569.711713
-4.3,8,570.20227
-6.1,6,570.60275
-4.6,6,571.036339
-6.1,6,571.408169
-2.2,12,572.014944
14.0,30,573.219818
-4.6,6,573.612756
-9.1,6,574.026177
-4.6,6,574.430574
7.4,21,575.356785
-2.5,15,576.034841
-1.9,9,576.546319
-6.1,6,576.977774
11.6,24,577.959587
-4.6,6,578.382603
7.1,19,579.176606
-3.4,9,579.688917
0.8,12,580.296912
-3.4,9,580.804305
-6.1,6,581.251702
-3.7,7,581.690024
-4.6,6,582.095346
-1.9,9,582.614425
-0.1,11,583.194587
-6.1,6,583.64018
7.1,24,584.620766
6.2,18,585.425796
-2.8,8,585.92435
-1.9,9,586.414602
-4.6,6,587.741057
10.1,24,588.630921
-0.7,12,589.248212
-4.6,6,589.697419
-2.8,8,590.15963
-4.6,6,590.572905
-4.6,6,590.956656
-6.1,6,591.375125
2.6,14,592.079862
-1.9,9,592.561189
-4.6,6,592.954714
1.1,19,593.797844
-3.7,7,594.221497
10.4,31,595.398076
-3.4,9,595.90669
45.5,70,598.311175
6.2,18,599.122603
3.5,15,599.824801
23.0,45,601.33791
-6.1,6,601.74096
6.5,20,602.582978
-2.8,8,603.054189
-1.9,9,603.576321
13.4,31,604.767452
-4.6,6,605.207187
1.1,14,605.893574
1.1,14,606.616862
11.6,24,607.618357
-1.9,9,608.129756
10.1,24,609.106065
-4.6,6,609.547739
-5.5,10,610.106715
1.4,26,611.822056
8.3,22,612.724324
-4.6,6,613.128612
-4.6,6,613.551728
5.3,17,614.334678
11.6,24,615.359814
-3.4,9,615.862731
7.4,21,616.753256
14.9,31,617.9632
-2.5,10,618.489832
6.2,18,619.28513
-4.6,6,619.724389
5.3,17,620.492843
3.5,20,621.299064
2.9,16,622.003525
-4.6,6,622.411533
7.1,19,623.218838
10.7,23,624.232018
3.2,18,625.013775
-4.9,9,625.54067
-4.6,6,625.934829
-3.7,7,626.348095
8.9,21,627.227083
-1.9,9,627.731471
-4.6,6,628.133015
-4.3,8,628.640122
2.0,15,629.339717
-4.0,15,629.977046
2.0,15,630.658882
4.4,16,631.365346
1.1,14,632.061324
0.2,13,632.665723
5.3,22,633.577766
6.2,18,634.378972
-3.4,9,634.888319
-3.1,16,636.268906
0.8,12,636.80849
3.5,15,637.51057
7.1,19,638.317296
11.0,30,639.516143
-0.7,12,640.121799
14.6,29,641.231346
4.4,16,641.94656
21.8,47,643.647812
-2.2,12,644.254375
-6.1,6,644.68208
21.8,37,646.084488
1.4,16,646.792471
2.9,16,647.585
6.2,18,648.378014
32.3,47,650.098058
8.3,22,651.014121
-4.6,6,651.428626
-1.9,9,651.931615
9.8,22,652.84882
0.5,15,653.527899
-17.5,15,654.232729
-4.6,6,654.633096
-5.2,7,655.075252
-1.9,9,655.558312
-4.6,6,655.954978
-3.1,11,656.484444
0.5,15,657.191442
-4.6,6,657.617537
-4.6,6,658.000493
0.8,12,658.590887
-2.5,10,660.115078
-1.0,25,661.036624
-4.3,8,661.519741
-2.2,17,662.252069
3.5,15,662.950583
-3.7,7,663.365089
9.8,22,664.283909
-4.6,6,664.690547
-2.8,8,665.181983
-3.7,7,665.681433
-1.6,11,666.269888
-1.9,9,666.774074
-3.7,12,667.367829
-3.4,9,667.890357
-6.1,6,668.335502
8.0,20,669.203892
12.2,28,670.291371
11.6,24,671.312517
-3.4,9,671.822934
5.0,25,672.804962
11.3,27,673.836164
7.4,21,674.744123
1.1,14,675.425915
-4.6,6,675.866674
-4.6,6,676.281148
15.8,37,677.643366
-4.6,6,678.051637
-4.6,6,678.433985
-4.6,6,678.823931
1.7,13,679.46561
-6.1,6,679.897784
13.1,29,681.008592
-2.5,10,681.482078
2.6,14,682.10392
1.1,14,682.739881
-6.1,6,683.18372
5.6,19,684.030633
-4.6,6,685.176946
4.1,24,686.144873
9.8,22,687.078923
-1.3,18,687.869563
-6.1,6,688.239914
27.8,57,690.292501
-3.7,12,690.883529
10.7,28,691.905049
-2.8,8,692.39601
-1.6,11,692.992373
-6.1,6,693.429505
-1.9,9,693.911924
-2.8,8,694.417075
-7.6,6,694.809243
11.0,30,695.950459
-4.6,6,696.379636
-1.0,10,696.872739
-6.1,6,697.271493
-4.6,6,697.70752
21.2,43,699.284208
-3.7,17,700.084073
8.0,25,701.11053
-4.6,6,701.575826
-4.6,6,702.002302
-4.6,6,702.420928
8.0,25,703.444519
6.5,20,704.365039
-6.1,6,704.80362
0.5,15,705.468327
-2.8,8,705.94172
-4.6,6,706.364516
-1.9,9,706.86079
-7.6,6,707.285225
2.9,16,708.077656
7.7,33,709.96729
12.5,35,711.272576
11.3,32,712.411468
-7.6,6,712.833866
-1.3,13,713.495163
6.5,20,714.317451
5.0,20,715.206614
-4.6,6,715.634934
-1.9,9,716.133627
6.2,18,716.914964
18.8,37,718.349336
-1.0,10,718.871623
-6.4,14,719.529956
11.6,24,720.452908
-7.6,6,720.854958
4.4,16,721.560582
-1.9,9,722.078209
-3.1,11,722.664554
0.8,12,723.267322
-6.1,6,723.69052
8.9,26,724.698245
-5.8,8,725.202489
-0.4,19,726.010116
48.8,77,728.630943
2.6,14,729.315219
-4.6,6,729.712954
-6.1,6,730.154219
8.6,24,731.129183
2.0,15,731.823762
-1.9,9,733.069354
8.9,31,734.272249
2.6,14,734.976542
-4.6,6,735.369267
-4.6,6,735.770755
-2.8,8,736.244174
-4.6,6,736.651924
-0.1,21,737.577768
-2.5,15,738.291302
-1.6,11,738.86747
-7.6,6,739.275669
-9.1,11,739.894029
1.7,18,740.688147
1.7,13,741.311779
-4.6,6,741.717649
32.0,75,744.309441
-6.1,6,744.707624
-1.6,26,745.741629
4.7,18,746.548163
-0.1,11,747.153965
5.6,39,748.548273
-6.1,6,748.991205
1.7,28,750.075564
22.4,41,751.563211
2.9,26,752.584205
3.8,17,753.290589
1.7,13,753.903003
-4.0,10,754.427342
-4.6,6,754.815789
-6.4,9,755.341626
-4.6,6,756.552672
-2.8,8,757.028335
-6.1,6,757.462821
3.8,17,758.241877
1.7,28,759.348527
-1.9,14,760.04658
-1.9,9,760.569975
-1.9,9,761.062118
-6.1,6,761.474593
-6.1,6,761.898971
2.6,24,762.882086
6.2,18,763.68592
-2.5,10,764.210719
-7.6,6,764.623716
29.6,54,766.516943
4.4,16,767.225649
-0.7,17,768.009007
7.1,24,768.935447
-8.8,8,769.424336
5.9,21,770.323763
-4.6,6,770.706241
3.2,18,771.434264
8.3,22,772.339364
-4.6,6,772.751666
-0.7,12,773.348716
-2.5,10,773.878876
17.9,31,775.062643
-4.6,6,775.462792
4.7,18,776.225736
-2.5,10,776.801142
-5.8,8,777.281157
-1.9,19,778.086951
-4.6,6,778.533894
-0.4,14,779.193084
2.0,20,779.998496
-7.9,9,781.525986
-2.2,12,782.121986
-6.4,9,782.625466
-4.6,6,783.04075
11.3,27,784.154433
9.8,22,785.046197
-9.1,6,785.466155
-1.6,11,786.060876
-1.9,9,786.545987
-3.4,9,787.057756
-3.4,9,787.557786
11.6,24,788.573946
-6.1,6,788.977792
-10.3,23,789.909601
-3.7,7,790.368863
6.8,22,791.274245
-1.0,10,791.777299
-4.6,6,792.215617
-10.9,14,792.879107
7.1,19,793.689496
-4.6,6,794.098969
0.8,12,794.724787
-5.8,8,795.222194
-4.3,8,795.705245
0.8,12,796.310743
9.2,33,797.61215
-6.1,6,798.014909
-0.1,11,798.636016
-4.6,6,799.076721
6.8,37,800.521856
1.7,13,801.13659
-7.6,6,801.540739
-4.3,8,802.046737
-3.7,7,802.462136
-6.1,6,802.883371
19.7,38,804.38485
-4.3,8,804.890535
-4.6,6,805.289503
-4.3,8,805.790732
2.6,14,807.319415
-1.6,11,807.793643
4.7,18,808.586433
13.7,28,809.716527
-1.9,9,810.221178
-4.6,6,810.625499
-4.0,10,811.196684
-6.1,6,811.595581
-3.4,9,812.101513
-3.7,12,812.733937
6.5,20,813.622769
-1.9,9,814.131413
-3.1,11,814.739022
1.7,13,815.353552
7.4,21,816.253818
17.6,34,817.546052
12.5,25,818.560887
-6.1,6,818.982522
-2.8,8,819.5033
6.8,22,820.385393
-4.6,6,820.844802
-4.6,6,821.270674
14.9,41,822.792464
7.1,19,823.612136
-4.6,6,824.015211
1.7,13,824.626782
-6.1,6,825.029189
-2.8,8,825.520529
-6.1,6,825.914115
0.8,12,826.510533
-7.6,6,826.921343
-4.3,13,827.523669
12.5,40,829.052988
5.9,21,829.93701
4.7,18,830.780002
-0.1,11,831.387562
-8.5,10,832.630034
10.7,23,833.592379
24.2,43,835.199705
-4.6,6,835.642755
-4.9,9,836.184384
2.9,21,837.088494
-5.2,12,837.690988
-4.3,8,838.216231
3.2,18,838.998684
2.0,15,839.708811
1.7,13,840.308303
18.5,35,841.636431
-1.6,11,842.236515
9.2,23,843.23759
8.0,20,844.122616
7.1,19,844.94056
-4.9,9,845.457608
-4.9,14,846.143189
-2.8,18,846.936402
-1.9,9,847.452673
11.0,25,848.451702
-3.4,9,848.966418
-10.9,9,849.487584
-6.4,9,849.96758
-4.6,6,850.378078
11.3,27,851.495265
6.2,18,852.306609
-0.1,16,853.012235
-1.9,9,853.511637
-3.7,7,853.987839
-7.6,6,854.393045
-4.9,9,854.908782
-4.0,10,855.410295
-5.8,8,855.916989
-2.2,12,857.55468
-0.1,11,858.058693
2.3,17,858.776312
6.2,18,859.577569
6.2,18,860.3704
8.0,20,861.187845
24.2,38,862.570819
1.7,13,863.198287
-1.9,9,863.703815
-1.9,9,864.200251
-2.8,8,864.715143
-4.3,8,865.221859
-1.6,11,865.801662
3.8,17,866.606578
-1.0,10,867.123131
-6.1,6,867.521892
8.9,21,868.439156
-2.8,8,868.926474
0.8,12,869.560903
4.7,18,870.355589
-4.6,6,870.784035
14.3,27,871.869964
-3.4,9,872.358157
50.3,67,874.76833
-2.2,12,875.367625
-4.6,6,875.788946
-4.3,8,876.259869
2.0,15,876.977753
-4.6,6,877.417391
-4.6,6,877.830974
-1.0,15,878.536544
-4.6,6,878.933442
0.5,15,879.653502
-0.4,14,880.35058
-2.8,8,880.835859
2.9,21,882.470674
-1.3,13,883.030527
4.1,19,883.853557
-4.6,6,884.276455
-1.6,11,884.858237
11.0,25,885.882021
-4.6,6,886.286405
2.6,14,886.989182
-4.6,6,887.410495
-4.6,6,887.812013
14.6,29,889.001713
12.2,28,890.084784
-6.1,6,890.494531
2.0,15,891.215923
-6.1,6,891.618371
-1.9,9,892.091266
7.7,23,893.034745
-2.8,8,893.511671
-4.6,6,893.966862
4.4,21,894.835246
-0.4,14,895.545363
8.3,22,896.448916
-1.0,10,897.035771
-4.6,6,897.455301
-3.4,9,897.942999
34.1,54,899.859424
10.7,23,900.779369
6.2,18,901.585134
5.6,19,902.38892
-4.3,8,902.908236
-0.7,12,903.523081
-4.6,6,903.985121
7.7,23,904.919619
-4.6,6,905.353505
-1.6,11,905.939557
-5.8,8,906.423145
-3.7,7,907.601848
31.1,64,909.865927
7.1,19,910.654936
-4.6,6,911.057999
-1.6,16,911.764987
-4.6,6,912.21965
1.1,14,912.862628
2.0,15,913.564787
-4.3,8,914.0661
-6.1,6,914.487994
12.5,25,915.481241
-4.3,8,915.970558
-4.6,6,916.418189
9.2,23,917.383028
-4.6,6,917.812654
-7.6,6,918.202746
-6.1,6,918.609174
20.0,35,919.942944
-1.9,9,920.42322
6.2,18,921.128803
-4.0,10,921.649328
3.8,17,922.363576
-2.2,17,923.154733
-4.0,10,923.669386
6.2,23,924.572956
-6.1,6,924.967762
4.4,16,925.706192
2.6,14,926.374367
-6.1,6,926.775142
3.8,17,927.577092
-4.9,9,928.088331
32.3,52,929.91998
2.3,17,931.493134
7.1,19,932.244678
-3.4,9,932.731735
27.8,42,934.237166
2.6,14,934.954117
5.0,25,935.952686
-6.1,6,936.368475
-0.1,11,936.965894
3.2,18,937.753069
12.5,25,938.76975
-4.6,6,939.175987
6.2,18,939.956587
-1.6,11,940.578633
30.8,47,942.278059
-7.6,6,942.682374
4.7,18,943.489887
-4.6,6,943.884874
-6.7,7,944.329438
1.7,13,944.945261
0.5,15,945.64238
-4.0,10,946.161401
-5.2,12,946.75784
-1.3,18,947.552941
-4.6,6,947.971348
6.2,18,948.780372
-1.9,9,949.281086
15.5,35,950.584939
-4.6,6,950.961064
5.3,17,951.688671
-4.9,9,952.209559
-4.6,6,952.630187
-2.8,8,953.115723
-4.6,6,953.517303
-6.1,6,953.96282
3.2,18,954.710421
9.5,25,956.417177
-1.9,9,956.919544
17.0,40,958.425971
-0.4,29,959.552355
-0.1,11,960.133402
5.3,22,961.068202
-4.6,6,961.477384
-4.3,8,961.961037
21.5,40,963.452396
-5.2,12,964.059622
-6.1,6,964.522086
-4.6,6,964.950555
0.2,13,965.571951
-4.6,6,965.977814
-0.1,16,966.694199
8.6,29,967.883659
-6.1,6,968.29285
-6.1,6,968.720605
0.8,12,969.306281
-2.8,8,969.779051
2.9,21,970.685427
-3.7,12,971.308401
3.8,22,972.292349
-3.7,12,972.910763
-1.9,9,973.394755
-7.3,13,974.020734
-3.4,9,974.520966
-3.7,7,975.005237
-6.1,6,975.413252
6.5,20,976.242628
-2.8,13,976.850178
-1.6,11,977.451104
8.6,24,978.437467
-3.7,7,978.849147
10.4,26,980.963978
0.8,12,981.478414
3.5,15,982.178359
41.0,60,984.182638
0.5,15,984.91334
-0.1,26,985.925653
4.7,23,986.828318
-4.6,6,987.240776
1.7,13,987.873288
-2.5,10,988.381755
-4.0,25,989.382651
-4.6,6,989.819721
7.4,26,990.879701
11.6,29,991.986277
5.6,19,992.790076
-4.3,13,993.396037
6.2,18,994.220318
2.3,17,994.913608
6.5,25,995.917192
-3.4,9,996.440215
-3.7,12,997.027633
-3.4,9,997.537086
11.0,30,998.648782
-6.1,11,999.231566
-4.6,6,999.697871
3.8,27,1000.762364
-2.8,13,1001.442797
-2.2,12,1002.066371
-6.4,29,1003.85903
15.5,30,1004.971236
2.9,16,1005.692857
-0.7,17,1006.492141
1.4,16,1007.278001
3.2,23,1008.198028
5.6,24,1009.204225
-6.4,9,1009.704971
3.5,15,1010.39137
-2.2,22,1011.295718
-4.9,19,1012.099954
10.7,33,1013.3077
9.5,25,1014.333105
-1.9,9,1014.82252
-3.1,16,1015.546096
36.2,63,1017.734407
7.7,23,1018.654507
-4.6,6,1019.095567
-4.6,11,1019.646154
-6.1,6,1020.046065
-3.4,9,1020.568088
-5.5,10,1021.081601
-3.1,21,1021.964803
-4.6,6,1022.392728
5.9,21,1023.269786
-0.1,11,1023.876586
-4.9,9,1024.373359
-1.9,9,1024.874736
10.1,34,1026.985326
6.5,25,1028.028963
-2.5,15,1028.734354
2.9,21,1029.622667
2.0,15,1030.329776
23.0,55,1032.350906
17.9,36,1033.742154
-4.6,6,1034.144171
-1.6,16,1034.884318
1.1,19,1035.688247
-0.7,12,1036.299992
12.8,32,1037.595315
-6.1,6,1038.05768
1.7,18,1038.819288
-1.6,11,1039.368486
5.3,22,1040.288162
3.8,17,1041.022644
20.6,34,1042.322225
-1.9,9,1042.819316
-4.6,6,1043.219112
-4.6,6,1043.675759
-4.6,6,1044.099272
13.4,31,1045.323698
6.5,20,1046.1383
0.5,15,1046.857877
18.8,37,1048.264091
3.8,17,1049.896152
-4.6,6,1050.226619
-3.7,7,1050.678821
-1.0,15,1051.358917
0.5,15,1052.081167
-3.4,9,1052.562446
-3.7,12,1053.17005
10.7,23,1054.089029
4.4,16,1054.788306
15.2,33,1056.113532
12.5,35,1057.428368
-6.1,6,1057.871799
2.6,14,1058.519039
-1.9,9,1059.042448
-2.8,8,1059.546452
-2.2,12,1060.165198
-4.6,6,1060.570479
7.1,19,1061.369295
8.9,21,1062.283081
9.8,22,1063.216377
19.4,41,1064.742437
-4.3,8,1065.220324
1.7,13,1065.851247
-2.8,8,1066.334443
-1.6,11,1066.957245
7.1,24,1067.959528
-2.5,10,1068.46978
10.1,24,1069.401433
9.2,23,1070.325943
0.8,12,1070.934246
-7.6,6,1071.343761
-1.3,13,1071.986626
2.9,16,1072.704967
-4.6,6,1073.112859
-3.4,9,1074.677731
-4.6,6,1074.979695
13.4,36,1076.296926
-3.7,7,1076.692179
10.4,26,1077.706583
-0.1,11,1078.322211
-4.6,6,1078.74561
2.0,15,1079.431619
-0.1,11,1080.015147
1.7,13,1080.643266
4.4,16,1081.34742
-6.1,6,1081.790975
22.7,38,1083.192416
0.2,23,1084.166876
-2.8,13,1084.784608
18.5,35,1086.083076
0.2,13,1086.685183
5.6,24,1087.714065
3.2,18,1088.525053
1.7,13,1089.139054
1.7,13,1089.745484
-4.6,6,1090.163952
-3.4,9,1090.657585
3.8,17,1091.36889
-0.7,12,1091.971948
11.6,24,1092.896477
-6.1,6,1093.320901
-6.1,6,1093.741543
-4.6,6,1094.159654
-4.3,8,1094.608098
3.8,17,1095.380181
-0.7,12,1095.996578
-4.6,6,1096.404183
8.0,25,1097.425323
-2.5,15,1099.137742
-4.6,6,1099.434126
-6.1,6,1099.870323
-3.4,9,1100.341601
-4.6,6,1100.755618
-3.7,7,1101.192786
2.6,19,1101.973059
5.6,19,1102.785808
-6.1,6,1103.189651
-2.2,12,1103.795199
-4.6,6,1104.22741
-2.8,8,1104.715783
-4.6,6,1105.115514
-8.5,10,1105.642435
0.8,22,1106.528512
-2.5,10,1107.032943
5.0,20,1107.886897
15.2,33,1109.165733
3.8,22,1110.084551
-6.1,6,1110.472427
1.7,13,1111.109616
-4.6,6,1111.546885
3.5,15,1112.213908
-1.0,10,1112.730809
-4.6,6,1113.132559
38.0,55,1115.112576
-6.1,6,1115.515691
-5.8,8,1116.034084
-7.6,6,1116.442275
-6.1,6,1116.882951
-7.0,10,1117.420272
-6.1,6,1117.825529
-0.4,14,1118.52417
-8.2,7,1118.931434
-1.9,9,1119.442252
-5.2,7,1119.860294
-4.3,8,1120.358538
-4.6,6,1120.789709
10.1,24,1121.757613
5.6,19,1122.581759
-0.1,11,1123.167891
8.9,21,1124.081378
-2.5,10,1125.301682
-5.5,10,1125.784491
-1.3,13,1126.38914
13.4,31,1127.601665
9.5,25,1128.627256
-4.6,6,1129.012014
12.5,25,1130.021474
-4.6,6,1130.440858
4.4,16,1131.167921
2.0,15,1131.873235
-2.8,8,1132.356912
-9.1,6,1132.764537
-3.4,9,1133.278133
-0.1,11,1133.895128
1.1,19,1134.696139
4.4,21,1135.604842
10.4,26,1136.702315
-6.1,6,1137.127672
6.2,18,1137.905908
3.5,15,1138.60229
-0.7,12,1139.212564
0.8,12,1139.821842
2.0,15,1140.536309
-4.3,8,1141.010824
-4.0,10,1141.551427
8.3,22,1142.429608
12.5,25,1143.42708
-2.5,10,1143.939238
11.0,25,1144.95049
14.3,42,1146.489494
-5.8,8,1146.964137
-1.9,9,1147.463863
-1.9,9,1147.986224
-6.1,6,1148.423973
-5.8,8,1148.883604
10.4,41,1151.086328
6.2,23,1152.086711
-0.4,24,1153.093468
-0.1,11,1153.710174
11.0,25,1154.696778
-6.1,6,1155.120437
-0.1,11,1155.700517
1.4,16,1156.441854
-1.9,9,1156.923049
-2.8,13,1157.540257
-3.4,9,1158.071523
-3.4,9,1158.594956
22.7,48,1160.300888
13.7,38,1161.719827
-1.9,9,1162.232949
0.2,13,1162.815706
-2.8,8,1163.317818
-1.9,9,1163.824818
1.1,14,1164.51953
11.6,24,1165.541689
-5.8,8,1166.016698
-1.6,11,1166.548456
-2.8,8,1167.065277
-4.6,6,1167.470831
1.1,14,1168.166899
-12.1,6,1168.574642
78.5,100,1172.711352
-4.6,6,1173.032418
-4.6,6,1173.41551
-3.4,9,1173.940863
0.8,12,1174.526107
10.4,31,1175.757028
2.3,17,1176.480099
0.8,12,1177.091292
-6.7,12,1177.69113
-3.4,9,1178.180903
4.7,18,1178.976574
5.9,21,1179.881671
-4.6,6,1180.303825
-4.3,8,1180.805169
7.1,24,1181.789366
-3.7,7,1182.21279
-2.8,8,1182.696031
3.5,15,1183.412703
-4.6,6,1183.797503
-0.7,12,1184.40574
6.2,18,1185.232471
-4.3,8,1185.740304
-4.6,6,1186.185556
1.7,13,1186.848905
-6.1,6,1187.289434
-3.7,7,1187.722466
40.7,58,1189.756598
-2.8,8,1190.238926
-6.1,6,1190.680266
0.5,15,1191.390083
-6.1,6,1191.798245
-1.6,11,1192.378074
26.3,57,1194.38759
-1.9,9,1194.907392
-4.6,6,1195.338531
-6.7,7,1195.793128
6.2,18,1196.59986
1.7,13,1197.223896
-5.2,22,1198.806847
1.7,13,1199.428859
-4.3,8,1199.92458
-4.0,10,1200.450866
4.7,18,1201.223307
-0.7,12,1201.821404
-4.6,6,1202.219166
-2.8,8,1202.738665
11.6,24,1203.747874
-6.1,6,1204.164857
33.8,52,1206.04042
9.8,22,1206.967476
-4.6,6,1207.358672
-4.9,9,1207.867367
-1.9,9,1208.357054
-1.9,9,1208.862441
-1.9,9,1209.381921
-6.1,6,1209.789031
-1.9,9,1210.291454
-2.8,8,1210.774267
-3.4,9,1211.295372
-1.9,14,1211.994155
-4.6,6,1212.40205
6.2,18,1213.178519
10.1,24,1214.118782
4.4,16,1214.825197
9.8,22,1215.757978
9.8,22,1216.65932
-1.9,9,1217.177938
12.5,25,1218.164604
12.2,28,1219.264653
-3.7,12,1219.88443
13.4,26,1220.885447
-1.0,15,1221.589814
-9.4,14,1223.009468
-0.4,19,1223.832044
-4.6,6,1224.233953
-6.1,6,1224.655711
5.3,17,1225.436208
-1.9,9,1225.942285
2.0,15,1226.630428
-2.2,12,1227.234329
41.0,65,1229.567322
17.9,36,1230.95385
6.2,23,1231.884481
-3.4,9,1232.411641
-4.6,6,1232.817292
2.6,14,1233.533753
-2.8,8,1234.018542
-7.6,6,1234.422648
-6.1,6,1234.834828
9.8,22,1235.751384
5.6,19,1236.555763
-4.0,10,1237.074896
8.6,24,1238.080783
-1.0,10,1238.584013
-4.6,6,1239.00157
-1.3,13,1239.601986
-6.1,6,1240.005632
-1.9,9,1240.437681
21.2,48,1242.158843
-0.1,11,1242.726392
2.0,15,1243.445258
5.3,17,1244.253552
-1.9,9,1244.752877
1.1,14,1245.460509
0.8,12,1246.743995
-4.6,6,1247.109307
-1.0,25,1248.15378
-5.8,8,1248.678997
-0.4,19,1249.493266
3.2,18,1250.270941
-2.2,12,1250.886379
2.6,14,1251.496328
24.2,38,1252.89724
-7.6,6,1253.340191
0.5,20,1254.223861
-2.5,10,1254.805566
-2.5,10,1255.324214
-6.1,6,1255.767081
-1.6,16,1256.511435
8.3,22,1257.428578
-2.8,8,1257.931491
-2.5,10,1258.513008
-4.6,6,1258.90972
-3.7,7,1259.344902
7.1,19,1260.129914
-10.9,9,1260.647782
-0.1,11,1261.236166
-4.9,14,1261.879812
-4.6,6,1262.284802
5.6,19,1263.074051
8.3,22,1263.995488
-5.2,12,1264.57592
-1.9,9,1265.082828
24.8,42,1266.612652
9.5,30,1267.814781
8.9,41,1269.307818
-0.4,14,1270.865622
0.5,15,1271.464945
6.8,22,1272.388261
-3.1,11,1272.994293
-4.6,6,1273.412103
6.8,22,1274.289521
0.8,12,1274.912268
-12.1,6,1275.337611
0.5,20,1276.201908
-3.4,9,1276.718081
-4.3,8,1277.221331
-4.6,6,1277.609107
-7.6,6,1278.037981
-0.1,11,1278.64095
-2.8,8,1279.128023
-7.6,6,1279.538841
3.5,15,1280.246716
10.4,26,1281.260036
-5.8,13,1281.863242
-1.9,9,1282.371791
15.2,43,1283.999571
5.3,22,1284.884911
-0.7,12,1285.490268
-6.1,6,1285.915666
4.1,19,1286.706872
-6.1,6,1287.111825
15.5,30,1288.33587
-4.6,6,1288.756614
-4.6,6,1289.153471
17.9,31,1290.388229
0.8,22,1292.494152
-1.6,11,1293.098448
5.9,21,1294.038757
0.2,13,1294.660841
-1.9,9,1295.201359
9.5,25,1298.006027
4.4,21,1298.769132
-6.1,6,1299.175123
-4.3,8,1299.608289
-0.1,11,1300.185744
4.4,16,1300.891549
26.9,46,1302.599633
-3.7,7,1303.013811
8.9,21,1303.916651
-0.4,14,1304.540258
-3.1,16,1305.246325
-4.6,6,1305.649282
3.5,20,1306.529369
0.5,20,1307.338128
-1.9,9,1307.858125
7.7,23,1308.785508
-2.8,8,1309.284425
24.5,45,1310.945463
1.7,13,1311.574546
-5.5,10,1312.07523
-1.3,13,1312.690186
-4.6,6,1313.085797
-4.3,8,1313.674072
-6.1,6,1314.093534
-4.6,6,1314.544578
20.9,41,1316.166662
1.7,13,1316.764075
-5.2,7,1317.175212
-1.0,15,1317.872161
-4.6,6,1318.289907
-0.7,12,1318.895746
-4.6,6,1319.290968
18.2,33,1320.527268
0.5,15,1321.329169
-4.3,8,1322.760365
-2.8,8,1323.195853
7.4,21,1324.066905
6.2,18,1324.88263
-6.1,6,1325.297805
0.8,12,1325.901227
-1.9,9,1326.415758
16.4,31,1327.541472
-4.6,6,1327.99286
6.5,20,1328.828307
6.2,18,1329.644893
-6.1,6,1330.056019
9.2,28,1331.186804
-6.1,11,1331.785029
-0.1,11,1332.366394
8.0,20,1333.283235
-4.6,6,1333.671298
-1.9,9,1334.171416
-1.3,13,1334.795361
-4.9,9,1335.312351
5.3,32,1336.558144
1.7,13,1337.168947
-4.6,6,1337.584837
1.1,14,1338.179868
21.5,50,1339.909208
-0.4,19,1340.707679
34.7,53,1342.47837
-2.8,8,1342.95282
4.1,19,1343.767162
-4.6,6,1344.162615
1.7,13,1344.798099
-1.9,9,1345.28991
-3.7,7,1346.79059
-4.6,6,1347.231104
5.3,17,1347.913821
-4.6,6,1348.348617
-2.8,8,1348.836231
-4.6,6,1349.233958
4.4,16,1349.941014
-4.6,6,1350.351791
0.8,12,1350.972511
-2.8,8,1351.47816
9.5,25,1352.476511
28.7,43,1354.016487
6.2,18,1354.789746
8.3,22,1355.717556
-4.6,6,1356.141497
1.7,13,1356.758502
11.3,27,1357.849146
15.5,30,1359.073777
13.7,28,1360.15468
-3.7,7,1360.591438
-0.1,11,1361.173914
-2.8,8,1361.668193
-4.6,6,1362.113445
7.4,21,1362.99361
9.8,22,1363.89197
9.2,23,1364.805017
-4.9,9,1365.310708
-4.6,6,1365.728523
2.6,14,1366.405562
2.0,15,1367.111333
-1.9,9,1367.615328
0.8,12,1368.241566
-2.8,8,1368.729155
5.3,17,1369.431723
4.4,16,1370.138388
-6.1,6,1370.542723
-4.6,6,1371.784926
-4.6,6,1372.157953
-0.1,11,1372.754883
-4.6,6,1373.196729
-2.8,8,1373.658794
0.8,12,1374.276455
3.5,15,1374.981405
-2.8,8,1375.459357
-0.1,11,1376.080466
-10.6,6,1376.492045
-4.6,6,1376.915514
0.5,15,1377.602129
-2.8,8,1378.086166
6.5,25,1379.023103
4.4,16,1379.716408
-6.1,6,1380.140792
0.8,12,1380.699869
-6.1,6,1381.124868
-2.8,8,1381.622745
-1.9,9,1382.120035
-4.6,6,1382.557893
-5.8,8,1383.01928
0.8,12,1383.630758
2.6,14,1384.338193
-4.6,6,1384.742869
-2.8,8,1385.244323
11.0,25,1386.266072
-0.7,12,1386.851716
29.6,49,1388.676225
-0.7,12,1389.266386
-1.9,9,1389.778633
-2.8,8,1390.291405
-1.9,9,1390.795867
-1.6,11,1391.382945
-3.4,9,1391.889196
-1.9,9,1392.412644
-4.3,8,1392.901793
-4.6,6,1393.306272
19.7,43,1394.907541
-4.6,6,1395.310639
-4.6,6,1395.71384
2.0,15,1396.434863
3.5,15,1397.129778
-4.6,6,1397.604339
-11.2,7,1398.864375
0.2,13,1399.469792
-4.3,8,1399.992183
5.3,17,1400.735383
-2.2,12,1401.302974
13.7,33,1402.5493
-2.8,8,1403.048882
4.4,16,1403.748968
-1.9,9,1404.26579
-0.1,11,1404.877046
8.0,20,1405.744596
11.6,44,1407.284926
-6.1,6,1407.708758
16.7,33,1409.008805
-4.9,9,1409.513892
10.1,24,1410.496228
-1.0,15,1411.204866
4.4,16,1411.930869
4.1,19,1412.756731
-4.6,6,1413.192539
5.0,20,1414.037872
-3.4,9,1414.527961
-3.7,7,1414.963172
0.2,13,1415.573224
-0.4,14,1416.273729
7.4,21,1417.185351
-0.1,11,1417.791618
2.6,14,1418.501808
-4.9,9,1419.002638
7.7,23,1420.004382
19.1,34,1421.306874
-4.6,6,1421.751824
-7.6,6,1422.159436
-15.1,11,1423.446252
19.7,33,1424.725034
-4.6,6,1425.128941
-1.9,9,1425.635517
-4.6,6,1426.037941
-6.1,6,1426.482086
-2.2,17,1427.271241
2.0,15,1427.953457
-4.6,6,1428.367372
6.2,18,1429.165506
-6.4,9,1429.688365
-4.3,8,1430.17913
12.5,25,1431.185369
-6.1,6,1431.562411
-1.6,11,1432.1148
-2.5,10,1432.624267
3.5,15,1433.3264
-3.4,9,1433.82255
-0.7,12,1434.445367
-2.8,8,1434.93039
-2.2,12,1435.550579
-3.1,11,1436.132741
-6.1,6,1436.532325
-4.6,6,1436.977085
-3.4,9,1437.451152
7.1,19,1438.256702
-6.1,11,1438.872087
-7.6,6,1439.29534
3.5,15,1439.996657
-1.9,9,1440.487108
23.9,41,1442.013315
1.7,13,1442.695434
3.5,25,1443.728132
0.2,18,1444.509177
8.6,24,1445.506041
-1.0,15,1446.215247
1.4,21,1447.14002
-4.6,11,1447.710521
-14.5,10,1449.055375
13.4,31,1450.253441
-2.8,8,1450.774023
-4.6,6,1451.220918
-3.1,11,1451.775748
-2.8,8,1452.281737
-0.1,11,1452.863981
-6.1,6,1453.287491
17.6,34,1454.597465
12.5,40,1456.091625
-6.1,6,1456.536037
23.6,39,1457.931738
-3.4,9,1458.40679
7.7,23,1459.340896
7.1,19,1460.151805
2.9,16,1460.852791
2.0,15,1461.56179
-5.2,7,1461.979581
3.5,15,1462.6592
-4.6,6,1463.081029
3.5,15,1463.761358
-0.7,12,1464.363905
-5.8,13,1465.005637
-18.7,17,1465.780711
8.3,22,1466.724017
-4.6,6,1467.163991
-3.7,7,1467.588648
-4.6,6,1467.994614
-1.9,9,1468.515779
-4.6,6,1468.955904
5.9,26,1470.005899
-2.8,8,1470.504267
29.0,45,1472.130378
-12.4,14,1473.544011
-4.6,6,1473.969234
1.1,14,1474.626898
29.0,50,1476.366093
-0.1,11,1476.943728
1.7,13,1477.567496
14.6,29,1478.662014
-2.8,8,1479.179485
8.0,20,1480.058813
6.2,18,1480.873305
-3.1,11,1481.476104
-4.6,6,1481.915986
5.3,17,1482.676016
18.2,33,1483.97132
-3.7,7,1484.41361
-4.6,6,1484.859382
3.5,15,1485.599195
-1.6,11,1486.18541
-0.7,12,1486.785381
8.3,22,1487.684952
12.2,28,1488.805242
-7.6,6,1489.208427
-4.6,6,1489.594746
4.4,16,1490.311474
8.9,21,1491.245641
11.0,25,1492.245123
-4.6,6,1492.702667
-4.3,8,1493.168816
0.8,12,1493.742379
8.9,21,1494.562801
-4.6,6,1494.949162
7.1,19,1495.775042
-1.9,9,1496.255134
-5.2,7,1497.678566
6.8,22,1498.505176
-1.9,9,1498.996822
-2.2,12,1499.583333
3.5,25,1500.595496
-4.6,6,1500.994323
-1.3,13,1501.601353
-4.0,10,1502.141834
-1.6,11,1502.716834
-6.1,6,1503.14197
-5.2,17,1503.923845
6.2,18,1504.726037
18.2,38,1506.132562
-1.9,9,1506.643355
-9.7,12,1507.250726
-4.6,6,1507.671163
-2.8,8,1508.154292
1.4,16,1508.860521
-3.4,9,1509.361778
4.4,21,1510.288396
-4.6,11,1510.887174
-1.9,9,1511.371895
2.9,21,1512.271186
1.7,13,1512.885342
-4.6,6,1513.314512
8.9,21,1514.201995
-4.6,6,1514.598254
5.9,21,1515.50118
0.5,15,1516.224261
-4.6,6,1516.666639
-4.6,6,1517.054303
-4.3,8,1517.521444
-5.5,15,1518.223909
-2.8,8,1518.726482
-5.2,12,1519.330133
2.6,14,1520.043662
-4.6,6,1520.41137
-6.7,7,1520.831846
-4.6,6,1521.239376
6.5,20,1522.064257
-2.8,8,1522.549906
-11.8,13,1523.868521
-7.6,6,1524.310552
-4.0,10,1524.888563
-0.1,11,1525.473433
-0.7,12,1526.073503
1.1,14,1526.69156
7.4,21,1527.585261
-4.6,6,1528.052714
0.2,13,1528.707445
2.9,16,1529.398417
3.5,20,1530.314894
16.1,34,1531.614859
1.7,13,1532.228705
-4.3,8,1532.64689
5.0,20,1533.532924
-7.9,9,1534.054451
-1.6,11,1534.637548
9.2,23,1535.665131
-1.9,14,1536.36916
-0.1,16,1537.174547
-2.8,8,1537.6761
0.8,12,1538.256572
7.7,23,1539.170406
-3.4,9,1539.671003
11.9,26,1540.674816
-3.4,9,1541.180649
-1.9,9,1541.67867
0.2,13,1542.286383
4.1,19,1543.129542
21.2,38,1544.611072
-2.5,10,1545.187675
-3.7,7,1545.616928
-6.1,6,1546.030417
-0.7,22,1546.944037
-4.6,6,1547.349615
-3.7,7,1547.834181
-2.8,8,1549.176433
-0.1,16,1549.87519
0.2,13,1550.494411
-4.6,6,1550.914418
0.5,20,1551.742897
-11.5,15,1552.450598
2.6,14,1553.131189
-2.5,10,1553.663214
-4.6,6,1554.110873
7.1,34,1555.41093
-4.3,8,1555.882244
-7.6,6,1556.309595
-6.1,6,1556.714811
-4.6,6,1557.120835
-4.9,9,1557.605891
-0.7,12,1558.230015
-0.4,14,1558.915281
-1.6,21,1559.803343
-6.1,6,1560.209823
9.2,23,1561.136106
-4.3,8,1561.618536
-4.6,6,1562.020324
-3.4,9,1562.539446
-9.1,6,1562.980129
-4.0,20,1563.830563
-0.7,12,1564.431185
-0.4,14,1565.048477
8.0,25,1566.060781
-1.3,18,1566.849535
-4.6,6,1567.267999
-6.1,6,1567.709341
8.0,30,1568.891208
-3.4,9,1569.398341
-2.2,12,1569.987106
-4.3,8,1570.485704
-4.6,6,1570.891155
13.4,41,1572.424028
-0.7,12,1573.009141
2.6,14,1574.473615
-0.4,14,1575.013609
-4.6,6,1575.421671
7.1,19,1576.228752
-6.1,6,1576.658021
1.4,21,1577.56114
7.1,19,1578.380422
3.5,15,1579.082415
-5.2,12,1579.702051
-5.8,8,1580.164268
-2.8,13,1580.782724
9.2,23,1581.712989
-6.1,6,1582.122864
-0.4,19,1582.914982
-2.8,8,1583.41725
-4.6,6,1583.859055
4.4,16,1584.534356
0.8,12,1585.141472
-4.0,10,1585.660951
-5.8,8,1586.155152
-2.8,8,1586.647488
4.1,24,1587.5858
-0.1,11,1588.174014
-4.6,6,1588.617244
-3.7,7,1589.062677
-5.2,7,1589.474647
-2.8,8,1589.976675
17.3,32,1591.187405
-4.6,6,1591.61833
4.4,16,1592.305322
-6.1,6,1592.732096
-6.1,6,1593.137598
2.3,22,1594.018705
-6.4,9,1594.525352
-4.6,6,1594.931546
5.6,19,1595.753748
-1.9,9,1596.25504
7.4,21,1597.144264
-4.6,6,1597.545663
11.0,25,1598.563756
3.2,18,1600.213557
-0.7,17,1600.89637
-4.6,6,1601.283083
-0.7,12,1601.891675
-2.8,8,1602.376165
-1.6,16,1603.07784
-4.6,6,1603.484774
-0.7,12,1604.116982
14.9,36,1605.446482
23.6,44,1607.064414
-4.3,8,1607.543077
2.0,15,1608.229498
4.7,23,1609.149108
5.0,25,1610.147694
-0.7,12,1610.757618
8.6,24,1611.714996
-4.6,6,1612.107936
-2.8,8,1612.617612
-4.6,6,1613.036597
-1.6,11,1613.608633
10.1,24,1614.632312
5.3,17,1615.409029
-7.0,10,1615.922671
-2.8,8,1616.398492
0.8,12,1617.026921
15.2,28,1618.125441
12.5,25,1619.136456
-5.2,7,1619.550626
13.1,34,1620.857676
-4.6,6,1621.359288
8.0,20,1622.178861
-6.1,6,1622.603809
-4.0,10,1623.202657
-6.1,6,1623.629448
5.6,39,1625.744413
-4.6,6,1626.119883
14.6,29,1627.246264
-2.8,8,1627.726588
2.0,15,1628.42703
-4.0,15,1629.1364
12.5,30,1630.266842
-7.6,6,1630.669742
-4.6,6,1631.08917
-2.5,10,1631.587263
-4.9,9,1632.088374
-9.1,6,1632.525941
-6.1,6,1632.96876
-1.9,9,1633.508967
6.8,22,1634.394758
-2.2,12,1634.995925
-7.6,6,1635.423916
-3.7,7,1635.898613
-4.6,6,1636.301581
-3.7,7,1636.726231
-3.7,7,1637.131243
-4.6,6,1637.549597
3.5,15,1638.249264
8.0,20,1639.13502
-3.4,9,1639.657709
-4.6,6,1640.057761
0.5,15,1640.748999
-7.6,6,1641.126786
-6.1,6,1641.47429
20.9,36,1642.882893
-2.8,8,1643.364832
13.7,28,1644.477051
0.8,12,1645.100992
-3.4,9,1645.587057
-1.0,10,1646.117678
1.1,14,1646.816483
-4.6,6,1647.261261
2.6,14,1647.920692
-4.6,6,1648.353633
8.0,30,1650.555727
-4.6,6,1650.862319
-4.6,6,1651.30078
-3.7,7,1651.729271
-2.8,8,1652.24722
-4.0,10,1652.777982
-5.8,8,1653.244505
-4.6,6,1653.652079
-4.6,6,1654.074943
-4.9,9,1654.578235
-3.7,7,1655.055488
29.3,52,1656.887722
-4.6,6,1657.329657
-4.0,10,1657.888087
-4.6,16,1658.633433
6.5,20,1659.429024
5.6,19,1660.216098
5.3,22,1661.135219
-16.9,14,1661.82023
-4.6,6,1662.231628
0.8,12,1662.855649
-5.8,8,1663.339998
-0.7,12,1663.933153
-2.8,8,1664.458463
2.6,14,1665.166582
-1.9,9,1665.670425
0.5,15,1666.354967
-1.0,10,1666.858013
17.0,30,1668.06112
4.4,16,1668.782377
-4.6,6,1669.171247
3.8,17,1669.97394
0.8,12,1670.590038
-4.6,6,1671.006026
5.6,19,1671.801169
-6.4,9,1672.29901
-7.6,6,1672.704427
15.5,35,1674.004938
-7.0,15,1674.706233
-4.9,9,1675.211295
-6.1,6,1676.467607
-3.4,9,1676.921463
-4.0,15,1677.627387
-1.9,9,1678.13499
-6.1,6,1678.553235
7.4,21,1679.43697
-4.3,8,1679.938067
-3.7,7,1680.362837
0.8,12,1680.971733
1.7,13,1681.572485
-4.6,6,1682.011275
-4.6,6,1682.399269
9.8,22,1683.261401
0.5,15,1683.960876
1.1,19,1684.816924
2.9,21,1685.7013
-4.3,8,1686.189361
0.8,12,1686.809662
-4.6,6,1687.256768
-1.6,11,1687.80031
-0.1,21,1688.713172
-2.8,8,1689.207531
-0.7,12,1689.809514
8.0,25,1690.813528
-4.6,6,1691.245242
13.7,28,1692.264117
-4.3,8,1692.768771
-4.6,6,1693.193333
-1.0,10,1693.736921
20.0,35,1695.05291
-1.9,9,1695.548158
1.1,24,1696.565945
-4.6,6,1696.986256
4.4,16,1697.693298
11.0,25,1698.676872
-4.6,6,1699.083944
14.9,31,1700.279511
-8.8,8,1701.730083
-4.6,6,1702.029332
-4.6,6,1702.460331
-3.7,7,1702.936297
-1.9,9,1703.425478
-4.6,6,1703.866199
-6.7,7,1704.327395
-4.6,6,1704.749369
2.3,17,1705.532615
0.8,12,1706.136336
-5.8,8,1706.630264
-1.0,10,1707.170195
-2.8,23,1708.131697
-1.0,10,1708.642578
-1.3,13,1709.280759
6.2,18,1710.070716
7.7,23,1711.058696
-3.7,7,1711.485938
8.9,21,1712.389087
-3.4,9,1712.890438
-6.1,6,1713.334069
-4.6,6,1713.739874
-2.5,10,1714.282776
7.1,24,1715.296656
-7.6,11,1715.911975
-2.8,8,1716.395674
-1.0,25,1717.408508
-4.6,6,1717.831989
0.8,12,1718.429599
11.6,24,1719.446015
7.7,23,1720.451564
-4.6,6,1720.863149
3.2,18,1721.641975
-0.7,12,1722.245396
23.0,40,1723.749006
-7.6,6,1724.156594
5.9,21,1725.064086
12.2,28,1726.160695
-4.3,8,1727.511109
-4.6,6,1727.796648
-4.6,6,1728.207052
18.8,32,1729.392876
-1.9,9,1729.883102
-4.9,9,1730.39183
13.7,28,1731.506654
-4.9,9,1732.009353
-4.3,13,1732.651851
0.8,12,1733.239193
17.9,41,1734.766643
-2.8,8,1735.25154
4.7,28,1736.380983
-3.4,9,1736.877909
-3.1,11,1737.448511
8.0,20,1738.281415
-1.6,21,1739.173203
-6.7,7,1739.600336
5.9,31,1740.808905
-5.2,12,1741.407548
0.2,13,1742.00896
-4.6,6,1742.429968
-4.6,6,1742.873161
12.5,25,1743.836853
-4.3,8,1744.324061
10.4,26,1745.292684
7.4,21,1746.152899
-4.6,6,1746.576367
50.6,84,1749.363295
-4.3,8,1750.856318
2.0,15,1751.500328
-1.9,9,1752.007315
-5.5,15,1752.707975
-1.0,10,1753.211443
-0.7,12,1753.816617
-1.9,9,1754.319919
-1.9,9,1754.823183
-4.6,6,1755.244501
1.7,13,1755.924689
21.2,43,1757.543116
2.0,20,1758.386636
-6.1,6,1758.789494
-0.1,11,1759.370414
0.8,12,1759.975021
2.9,16,1760.679097
0.8,17,1761.402165
-5.5,10,1761.943998
9.5,25,1762.970471
-6.1,6,1763.415447
4.4,16,1764.172175
-4.6,6,1764.579168
8.9,21,1765.487594
-2.8,8,1765.959006
-4.6,6,1766.38404
-4.6,6,1766.844571
1.1,14,1767.491531
-4.6,6,1767.933511
-4.6,6,1768.356162
0.8,12,1769.002606
6.2,18,1769.770333
-1.9,9,1770.300272
-1.6,11,1770.885344
-4.3,8,1771.404985
5.6,19,1772.194084
-3.7,7,1772.603896
2.3,17,1773.40507
1.7,13,1774.033548
-4.6,6,1774.453903
0.8,17,1775.235843
-6.1,6,1775.65942
-4.6,6,1776.091538
-4.6,6,1776.463704
-11.5,10,1777.849136
-6.1,6,1778.246038
-6.1,6,1778.686332
-2.8,8,1779.207804
-0.7,12,1779.775129
9.8,22,1780.699218
-4.6,6,1781.159578
-4.9,9,1781.679526
-1.9,9,1782.186068
-6.1,6,1782.609277
14.3,27,1783.62107
-4.6,6,1784.025293
-4.6,6,1784.451096
-4.6,6,1784.898452
2.6,14,1785.515258
-2.5,10,1786.01884
-2.2,17,1786.818384
16.1,29,1787.952826
-1.9,9,1788.446119
-4.6,6,1788.889283
-1.9,9,1789.43038
1.7,13,1790.036283
-4.6,6,1790.471766
1.7,18,1791.244539
-4.3,8,1791.748792
-7.6,6,1792.149339
-4.6,6,1792.54889
0.8,12,1793.168921
0.8,12,1793.746277
1.7,13,1794.354754
1.7,13,1794.96183
-2.8,8,1795.480452
-3.4,9,1795.985277
0.8,12,1796.559668
0.8,12,1797.163377
0.5,15,1797.869974
12.5,25,1798.890969
-2.8,8,1799.376781
0.8,12,1799.975611
-4.6,6,1800.382731
-4.6,6,1800.781098
35.0,60,1803.919436
6.2,18,1804.623066
6.8,22,1805.505497
-4.6,6,1805.952525
-4.6,6,1806.374058
0.2,13,1807.012769
-4.6,6,1807.415285
-3.4,9,1807.91686
3.5,15,1808.635501
-2.5,10,1809.127037
-4.6,6,1809.526395
-4.6,6,1809.949927
2.6,14,1810.630414
20.9,36,1812.031948
15.5,35,1813.357613
-4.6,6,1813.822905
18.2,38,1815.259278
32.6,54,1817.153033
-6.1,6,1817.568143
-4.6,6,1818.030472
0.2,13,1818.679632
5.3,22,1819.551099
-1.0,10,1820.074182
0.5,15,1820.77861
-12.7,7,1821.188564
-4.6,6,1821.59568
-4.6,6,1822.022103
-0.7,12,1822.594646
2.9,16,1823.320019
-4.6,6,1823.72195
-4.6,6,1824.099542
-3.7,7,1824.508654
0.8,12,1825.118456
0.2,18,1825.914285
-6.1,6,1826.354609
2.6,14,1827.046756
-6.1,6,1827.47238
-4.6,6,1827.934527
-5.2,12,1829.569294
4.7,18,1830.278914
-6.1,6,1830.664235
11.6,34,1831.965393
-0.1,11,1832.571714
-6.1,6,1832.985492
-2.8,8,1833.48303
-4.6,6,1833.867889
-4.6,6,1834.285258
-4.6,6,1834.688014
-7.6,6,1835.091945
-0.1,11,1835.718388
-4.6,6,1836.108203
-4.6,6,1836.547991
-5.8,8,1836.993387
9.8,22,1837.905583
6.5,25,1838.929017
3.8,17,1839.712962
5.3,27,1840.818365
0.2,13,1841.419898
-1.3,13,1842.029518
1.7,13,1842.63385
13.4,26,1843.723838
-3.4,9,1844.224149
-6.1,6,1844.664872
-2.5,10,1845.245628
-6.1,6,1845.64683
6.5,20,1846.533613
2.6,14,1847.232967
-4.3,8,1847.732633
-4.6,6,1848.199485
-6.1,6,1848.626601
-1.9,9,1849.163111
-7.6,6,1849.565543
-2.8,8,1850.046383
12.5,25,1851.056577
2.0,15,1851.76008
3.5,15,1852.483516
-1.9,9,1852.985882
-4.6,6,1853.434694
5.6,19,1854.273012
8.9,21,1856.244525
7.1,19,1856.996041
4.7,18,1857.797336
-6.1,6,1858.184335
-1.9,9,1858.70282
-2.8,8,1859.185316
7.7,28,1860.329501
3.5,15,1861.013305
4.4,16,1861.717782
0.5,15,1862.41837
-1.9,9,1862.951119
6.2,18,1863.756505
24.2,43,1865.340596
0.8,12,1865.958512
-12.1,6,1866.401662
-1.0,10,1866.955179
-6.1,6,1867.378764
-1.3,13,1868.078483
-3.4,9,1868.564083
-3.4,9,1869.060913
-4.6,6,1869.466942
-4.6,6,1869.888834
-4.6,6,1870.336964
-4.6,6,1870.767695
-2.2,12,1871.381743
-7.6,6,1871.780886
-4.6,6,1872.18529
-4.6,6,1872.607538
7.7,23,1873.601353
-0.4,14,1874.228099
-4.6,6,1874.624018
3.5,15,1875.307652
-2.2,12,1875.929242
-6.1,6,1876.352244
-1.0,10,1876.916393
5.3,17,1877.713929
0.8,12,1878.336305
8.3,22,1879.239932
-0.1,11,1879.824932
4.7,18,1880.661201
7.1,24,1882.725523
-1.3,13,1883.273053
18.2,43,1884.854195
-7.6,6,1885.255232
-0.1,11,1885.877729
-2.8,8,1886.363087
-2.8,8,1886.859144
-7.6,21,1887.786787
-1.9,9,1888.269469
14.0,30,1889.404565
-6.1,6,1889.848835
-4.6,6,1890.237382
-4.6,6,1890.655393
0.8,12,1891.29817
-9.1,6,1891.716366
53.0,95,1895.037373
-1.9,9,1895.531017
8.0,25,1896.546228
0.8,12,1897.132329
-7.6,6,1897.532538
-4.6,6,1897.963325
3.5,15,1898.674418
-2.8,18,1899.458495
-4.3,13,1900.060306
2.6,14,1900.757684
11.3,27,1901.79168
-4.0,10,1902.31027
-4.6,6,1902.686325
4.4,16,1903.417033
5.6,19,1904.238843
-4.6,6,1904.62222
-4.6,6,1905.048731
7.1,19,1905.843254
-2.2,12,1907.427092
12.8,27,1908.495036
9.8,22,1909.380182
-6.4,9,1909.884322
15.2,28,1910.995071
14.9,31,1912.191444
0.8,22,1913.116601
0.5,15,1913.807188
-7.6,6,1914.229755
-4.6,6,1914.625204
2.9,16,1915.352593
-2.8,8,1915.81709
-1.3,13,1916.422123
2.6,14,1917.123504
-9.1,6,1917.526248
12.5,25,1918.546806
1.1,19,1919.353227
-0.1,11,1919.950917
-0.7,12,1920.565707
-6.1,6,1920.993823
-4.6,6,1921.372906
-6.1,6,1921.781873
5.6,29,1922.900902
-4.6,6,1923.324368
-5.2,17,1924.087767
6.8,27,1925.175999
-3.4,9,1925.680329
0.2,13,1926.278894
2.0,15,1926.990151
-0.7,12,1927.607352
-4.6,6,1928.030006
-5.2,7,1928.494289
0.8,12,1929.10079
-7.6,6,1929.499075
2.0,15,1930.224011
6.2,23,1932.065447
2.3,17,1932.724856
6.5,30,1933.92625
1.4,16,1934.647456
11.0,25,1935.655884
-4.0,10,1936.164589
-4.6,6,1936.580892
-4.6,6,1936.985602
-4.6,6,1937.37253
2.6,14,1938.074216
-4.6,6,1938.481565
-9.4,9,1938.988067
-6.1,6,1939.400116
11.0,25,1940.403566
-8.2,7,1940.807534
-3.1,16,1941.540263
34.7,58,1943.556886
0.5,15,1944.260571
-2.5,10,1944.767719
-2.8,8,1945.263218
-4.6,6,1945.707075
5.3,17,1946.450954
-4.6,6,1946.850365
21.5,35,1948.186416
7.1,24,1949.173195
21.8,37,1950.593329
2.6,14,1951.280558
-6.1,6,1951.682925
11.6,24,1952.703789
3.5,15,1953.393797
-2.8,8,1953.897371
0.8,12,1954.504963
2.0,15,1955.223939
-2.8,8,1956.489827
0.8,12,1957.128251
9.8,22,1958.035257
10.4,26,1959.060194
-4.6,6,1959.484939
-1.3,18,1960.271334
-2.5,10,1960.773316
-6.1,6,1961.211684
-1.0,10,1961.76645
-3.7,7,1962.192762
10.1,24,1963.188737
-4.3,8,1963.692393
-1.9,9,1964.176296
4.1,19,1964.976529
-3.7,7,1965.381323
-7.6,6,1965.787724
-1.9,9,1966.296507
0.8,12,1966.920259
-4.3,8,1967.420309
-4.6,6,1967.80861
-2.8,8,1968.30317
25.1,54,1970.225649
-1.9,9,1970.725589
29.3,52,1972.54353
4.4,16,1973.255204
-5.2,12,1973.860164
1.4,21,1974.778931
-4.6,11,1975.359089
6.2,18,1976.167202
-7.6,6,1976.57794
-3.4,9,1977.072592
-4.6,6,1977.495846
-4.6,6,1977.917188
16.4,31,1979.091056
-1.9,9,1979.603481
-3.4,9,1980.105474
-2.8,8,1981.666717
-3.4,9,1982.138669
7.4,21,1983.04497
-4.6,6,1983.471202
-3.7,12,1984.055854
-4.0,10,1984.574809
28.7,43,1986.183032
-1.9,9,1986.66797
-4.6,6,1987.084793
-4.6,6,1987.478712
1.7,13,1988.085351
-6.1,6,1988.483876
-3.4,9,1988.999296
-1.0,10,1989.538599
-4.6,6,1989.940269
-6.1,6,1990.345726
2.3,22,1991.242638
-1.9,9,1991.763808
2.3,17,1992.450371
-7.6,11,1993.06439
0.8,12,1993.647937
-4.3,8,1994.15116
1.4,16,1994.862995
-4.6,6,1995.268618
-1.0,10,1995.779838
-4.6,6,1996.18197
-1.6,11,1996.7836
14.3,27,1997.888143
0.8,12,1998.477004
12.5,25,1999.503445
0.8,12,2000.089813
-1.0,10,2000.597165
-1.6,11,2001.120895
-4.6,6,2001.503755
-4.6,6,2001.920992
-1.6,11,2002.449727
-4.6,6,2002.851458
-2.8,8,2003.348186
-1.9,9,2003.852349
-1.9,9,2004.377877
0.8,12,2004.96781
15.2,38,2006.374311
-4.3,8,2007.775637
-4.6,6,2008.15328
-4.6,6,2008.600939
-0.7,12,2009.242193
-4.6,6,2009.635818
-6.1,6,2010.030062
-4.6,6,2010.446344
27.8,42,2012.03642
-1.9,9,2012.559454
-4.6,6,2012.968055
1.1,14,2013.556328
-2.8,8,2013.975701
-4.6,6,2014.4228
-4.6,6,2014.82568
4.4,16,2015.573015
6.2,18,2016.371628
-4.6,6,2016.823368
2.6,14,2017.480663
8.9,21,2018.389498
-4.6,6,2018.829417
-4.6,6,2019.255146
16.1,29,2020.406151
-2.8,8,2020.911176
-4.6,6,2021.337579
-4.6,6,2021.781699
1.1,14,2022.429941
-4.3,8,2022.926223
4.4,16,2023.667359
9.8,22,2024.557811
-2.8,8,2025.056692
2.0,15,2025.755476
0.8,12,2026.353959
0.8,12,2026.976452
-4.6,6,2027.401721
2.6,14,2028.070546
-6.7,7,2028.492923
-4.3,8,2028.992165
-8.8,8,2029.491325
11.6,24,2030.479829
-2.8,8,2030.984217
-4.6,6,2031.371682
19.7,33,2032.610741
-1.9,9,2033.133569
-1.0,10,2033.62471
-11.5,10,2035.012374
3.5,15,2035.745146
-1.6,16,2036.44562
-0.1,11,2036.976422
-4.6,6,2037.369691
-2.8,8,2037.891367
-4.6,6,2038.324096
-2.8,8,2038.788772
-6.1,6,2039.178864
-1.0,10,2039.690588
-1.9,9,2040.192143
-1.9,9,2040.713869
13.7,28,2041.805329
-2.8,8,2042.31319
-5.2,7,2042.739162
-4.6,6,2043.12934
-1.9,9,2043.628256
18.2,33,2044.966421
-4.6,6,2045.392312
-4.3,13,2046.063137
-4.6,6,2046.469257
-4.6,6,2046.88615
16.1,39,2048.372806
-2.8,8,2048.871026
14.0,35,2050.216061
-4.6,6,2050.636507
-3.7,7,2051.113028
-0.1,11,2051.715958
5.0,20,2052.501905
-4.6,6,2052.900656
-6.7,7,2053.316342
3.5,15,2054.018236
3.5,15,2054.735715
3.5,15,2055.423132
8.9,21,2056.332137
2.6,14,2057.025815
-1.0,10,2057.538546
7.1,19,2058.363254
-0.1,11,2058.947562
1.7,13,2059.55802
-4.6,6,2061.142418
-4.3,8,2061.540846
3.5,15,2062.241175
1.7,13,2062.867083
-6.1,6,2063.26858
-2.8,8,2063.744632
-6.1,6,2064.158283
4.4,16,2064.859329
-4.3,8,2065.381934
5.3,17,2066.159502
-4.6,6,2066.560304
-4.6,6,2066.982851
16.4,31,2068.171205
-3.7,7,2068.594444
-2.8,8,2069.082029
-12.1,6,2069.482099
9.8,22,2070.412884
-6.1,6,2070.835146
12.5,25,2071.899848
-3.7,7,2072.325847
-4.9,9,2072.841484
-6.1,6,2073.254484
-4.6,6,2073.625932
17.3,37,2075.043328
-3.7,12,2075.653487
3.5,15,2076.353387
8.6,24,2077.372372
-4.6,6,2077.79943
16.4,31,2078.9729
-4.6,6,2079.400444
-1.9,9,2079.914222
2.0,15,2080.608036
2.6,14,2081.31834
-2.8,8,2081.818331
-4.3,8,2082.323637
20.9,36,2083.713128
-3.4,9,2084.22805
3.5,15,2084.91367
0.8,12,2085.513376
-4.6,6,2085.954845
-3.7,7,2087.441214
40.7,58,2089.442489
0.8,12,2090.066318
-2.8,8,2090.550863
-1.9,9,2091.059551
-4.6,6,2091.464152
-2.2,12,2092.068631
-1.9,9,2092.592627
19.1,44,2094.196249
-2.8,8,2094.717681
-4.6,6,2095.108894
21.5,45,2096.79687
4.4,16,2097.509828
-1.9,9,2098.035153
-0.1,11,2098.619591
2.6,14,2099.318398
-1.9,9,2099.84512
0.8,12,2100.45955
-6.1,6,2100.840218
-4.6,6,2101.247109
-2.5,10,2101.754437
-5.8,8,2102.273254
-6.1,6,2102.700412
-7.6,6,2103.12061
-4.6,6,2103.524754
-4.3,8,2104.008987
-5.2,7,2104.406959
8.3,22,2105.320822
13.1,29,2106.446519
20.9,41,2107.940811
-1.9,9,2108.469998
-1.9,9,2108.958352
3.8,17,2109.696285
-3.7,7,2110.185323
-4.6,6,2110.606764
2.6,14,2111.273423
-4.6,6,2112.659694
-4.6,6,2112.980261
2.0,15,2113.686387
-0.1,11,2114.310269
-2.8,8,2114.795027
-1.9,9,2115.318554
-4.6,6,2115.725949
15.2,28,2116.821918
0.8,12,2117.408392
-0.4,14,2118.108294
-4.6,6,2118.530132
5.3,17,2119.31367
2.0,15,2120.041256
11.9,26,2121.140339
4.7,18,2121.916192
3.2,18,2122.649993
1.7,13,2123.23968
-4.6,6,2123.664314
-2.2,12,2124.264982
-0.1,11,2124.846701
2.9,16,2125.570562
-3.7,7,2126.066716
-4.6,6,2126.489393
-3.7,7,2126.955564
-3.4,9,2127.487083
2.6,14,2128.166632
42.5,60,2130.308017
-4.6,6,2130.685781
-4.6,6,2131.106647
-2.8,8,2131.589711
12.5,25,2132.589217
-4.6,6,2132.991353
-1.9,9,2133.490305
3.2,18,2134.297567
-4.6,6,2134.704705
-1.0,10,2135.236866
-4.6,6,2135.685239
-2.5,10,2136.227585
-1.9,9,2136.739109
-2.8,8,2137.224122
-4.6,6,2137.651696
-2.5,10,2138.892642
2.0,15,2139.561686
-9.1,6,2139.986641
5.3,17,2140.749779
3.5,15,2141.455946
-6.1,6,2141.86097
3.2,18,2142.684084
-1.0,10,2143.276527
3.2,18,2144.072022
-0.1,11,2144.667404
-4.6,6,2145.078014
3.5,15,2145.795729
-1.9,9,2146.299457
-4.9,9,2146.801517
-1.0,10,2147.326019
-6.1,6,2147.738018
4.4,16,2148.418974
-4.6,6,2148.827311
17.6,34,2150.073473
1.1,14,2150.749585
-5.8,13,2151.379718
13.4,26,2152.380992
9.2,23,2153.305816
1.7,13,2153.908483
-7.6,6,2154.327842
-4.6,6,2154.75085
1.7,13,2155.342236
-8.2,12,2155.925951
-4.9,9,2156.415944
-7.6,6,2156.85654
-6.1,6,2157.231818
-1.6,11,2157.842561
1.1,14,2158.528917
2.6,14,2159.227142
8.3,22,2160.154022
6.2,18,2160.948014
-2.2,12,2161.556483
12.5,25,2162.580266
-3.4,9,2163.065707
-1.9,9,2163.564344
-12.1,11,2164.799584
-2.8,8,2165.278321
-4.6,6,2165.691311
-3.7,7,2166.17368
4.4,21,2167.082973
-4.6,6,2167.483543
-6.1,6,2167.899821
6.8,22,2168.804536
6.2,18,2169.586562
-6.1,6,2170.012003
2.0,15,2170.707476
-4.6,6,2171.110321
-6.1,6,2171.544102
2.6,14,2172.208743
2.0,15,2172.935944
-1.9,9,2173.436427
-4.6,6,2173.82785
-6.1,6,2174.24914
22.4,36,2175.640564
-4.6,6,2176.07972
-4.6,11,2176.665973
0.8,12,2177.268609
-4.6,6,2177.693198
-5.8,8,2178.146533
-4.6,6,2178.516696
-3.7,7,2178.977195
-4.6,6,2179.399203
-1.6,11,2179.986475
-2.5,10,2180.558518
6.2,18,2181.385214
-0.7,12,2181.972232
-4.6,6,2182.387965
-0.1,16,2183.09022
1.1,14,2183.791929
3.5,15,2184.481988
0.5,15,2185.176081
10.4,26,2186.182289
0.8,12,2186.778293
-6.1,6,2187.157333
13.4,26,2188.210554
2.0,15,2188.890382
-5.2,12,2189.498748
-4.6,11,2190.095801
-5.2,7,2191.362661
-4.6,6,2191.739568
0.2,18,2192.518538
-8.8,8,2193.020755
-1.6,11,2193.638097
-4.6,6,2194.066368
-5.2,7,2194.523252
-4.6,6,2194.944802
-3.1,11,2195.546524
11.3,32,2196.832627
-9.1,6,2197.248103
-5.2,7,2197.751727
14.3,27,2198.834258
-2.8,8,2199.338529
-0.1,11,2199.939996
-4.6,6,2200.344455
3.5,15,2201.043247
-6.1,6,2201.488831
-6.1,6,2201.931207
0.2,13,2202.571635
-1.9,9,2203.050524
-6.1,6,2203.49216
11.0,25,2204.465167
-6.1,6,2204.888201
8.0,20,2205.76736
-3.4,14,2206.466974
-0.1,11,2207.092154
-1.9,9,2207.586709
1.7,13,2208.209039
9.2,33,2209.485864
-6.1,6,2209.888312
16.4,31,2211.105343
1.7,13,2211.709326
8.6,24,2212.716635
6.2,18,2213.530465
-4.6,6,2213.958572
-4.6,6,2214.359719
23.3,37,2215.769568
-4.6,6,2216.176949
-6.1,6,2217.514376
-1.0,10,2217.963827
-4.6,6,2218.368624
3.5,15,2219.084466
-1.9,9,2219.600238
45.2,63,2221.822611
4.1,19,2222.622325
-3.4,9,2223.111377
8.9,21,2224.014765
4.1,19,2224.828037
-1.0,10,2225.335629
-5.5,15,2226.039553
-1.0,10,2226.580937
22.4,36,2227.977148
-7.6,6,2228.386959
-0.1,11,2228.969218
-1.3,13,2229.569201
-4.3,8,2230.086944
-6.1,6,2230.50979
11.0,25,2231.581546
-7.6,6,2232.00212
15.5,30,2233.187125
-3.7,7,2233.59195
-4.3,18,2234.391793
-5.8,8,2234.889569
-0.1,11,2235.509235
-4.6,6,2235.931311
-6.1,6,2236.348452
10.7,23,2237.325256
-4.3,8,2237.808393
-6.1,6,2238.220062
-4.3,8,2238.710736
-2.2,12,2239.332762
-0.7,12,2239.949638
7.1,19,2240.745702
9.8,22,2242.502503
-7.6,6,2242.794082
2.6,14,2243.39635
-1.9,9,2243.888249
-3.7,17,2244.706839
-0.7,12,2245.311973
33.2,48,2247.000084
0.2,13,2247.612778
17.9,36,2248.91805
-1.9,9,2249.433786
-6.1,6,2249.842749
23.6,44,2251.452519
8.0,25,2252.43768
-4.6,6,2252.876354
-0.1,11,2253.444042
-1.9,9,2253.961144
0.2,13,2254.551412
-4.6,6,2254.969774
-1.9,9,2255.479399
-4.6,6,2255.923871
27.5,55,2257.888504
-1.9,9,2258.40477
-2.5,10,2258.934631
6.2,18,2259.733283
-6.1,6,2260.172245
-4.3,8,2260.625877
-4.6,6,2261.029564
2.0,15,2261.731941
-1.0,10,2262.266027
34.1,59,2264.348592
0.8,12,2264.965444
-4.6,6,2266.07099
16.1,34,2267.26439
2.0,15,2267.973157
-7.6,6,2268.398052
1.1,14,2269.087196
4.4,16,2269.793063
-1.9,9,2270.304874
-7.6,6,2270.727301
2.0,15,2271.411414
-3.4,9,2271.936666
3.2,18,2272.71399
14.3,32,2273.851548
-4.6,6,2274.252917
7.4,21,2275.146804
-7.6,6,2275.543957
8.6,24,2276.548462
-6.1,6,2277.002222
-3.7,12,2277.569577
6.2,18,2278.374845
-4.6,6,2278.785319
24.2,63,2280.993896
-6.1,6,2281.382828
-4.6,6,2281.818935
-6.1,6,2282.204529
-3.7,12,2282.796436
1.4,16,2283.534832
-3.7,22,2284.448154
7.7,28,2285.55318
5.6,19,2286.335755
23.9,61,2289.406822
-0.7,12,2289.958928
-1.9,9,2290.464429
-1.0,15,2291.174795
1.1,24,2292.179116
2.0,15,2292.882716
-4.6,6,2293.291742
-2.8,8,2293.799823
8.9,21,2294.72387
-4.6,6,2295.171409
-2.8,8,2295.641035
-6.1,6,2296.062263
-3.7,7,2296.515281
0.8,12,2297.120462
4.1,19,2297.922378
15.2,28,2299.034647
2.9,16,2299.748755
-3.1,11,2300.349688
-4.3,8,2300.844729
-4.0,10,2301.373622
-2.8,8,2301.862831
2.6,19,2302.666797
-4.6,6,2303.066766
7.1,24,2304.081945
4.1,19,2304.885118
25.1,44,2306.518136
16.4,31,2307.74057
-4.6,6,2308.118793
20.6,44,2309.729482
2.0,20,2310.577777
22.7,38,2311.945167
2.6,14,2313.217011
0.8,12,2313.781727
-4.0,10,2314.284437
30.5,60,2316.376795
17.3,32,2317.591469
24.5,40,2319.098902
-7.6,6,2319.51849
3.8,17,2320.30327
3.8,17,2321.036949
2.0,15,2321.746439
-6.1,6,2322.15118
-0.1,11,2322.733577
20.6,39,2324.149622
-3.7,7,2324.579612
8.0,20,2325.386824
3.5,15,2326.064781
-0.7,12,2326.674782
6.2,18,2327.481045
-6.1,6,2327.919569
-6.4,9,2328.423127
29.0,55,2330.423347
15.8,32,2331.6518
-7.0,10,2332.164981
-2.5,10,2332.693845
12.2,33,2333.959048
-7.6,6,2334.388476
-7.0,10,2335.839282
17.6,39,2337.216301
8.0,25,2338.298059
-4.6,6,2338.739457
25.4,51,2340.520972
0.5,35,2341.846421
-4.3,8,2342.35819
-3.4,9,2342.852031
-1.9,9,2343.361964
-6.1,6,2343.747971
43.4,66,2346.062894
-3.1,11,2346.570669
8.0,20,2347.385124
-6.1,6,2347.805193
9.2,23,2348.783113
14.9,31,2349.997576
0.8,12,2350.609
8.9,21,2351.493129
4.7,18,2352.296459
-4.6,6,2352.716825
24.8,42,2354.215122
8.0,25,2355.227372
-10.3,18,2356.024597
-0.4,19,2356.84382
-1.9,9,2358.227088
-0.1,11,2358.75706
-4.6,6,2359.200279
-4.6,6,2359.669324
-4.3,8,2360.15822
-6.1,6,2360.610859
23.0,45,2362.284766
-6.1,6,2362.665997
-4.0,10,2363.205835
-4.6,6,2363.625757
14.6,34,2364.910332
-4.6,6,2365.347288
-3.7,7,2365.820213
-4.6,6,2366.225272
-4.6,6,2366.689317
-1.9,9,2367.206649
12.5,25,2368.233915
13.1,29,2369.340573
-2.8,8,2369.822972
-6.1,6,2370.224217
26.0,40,2371.732565
-4.6,6,2372.132684
-1.9,9,2372.63407
-1.9,9,2373.1713
-6.1,6,2373.542276
10.1,24,2374.542877
5.0,30,2375.755561
-4.6,6,2376.183506
0.8,17,2376.956276
-4.3,8,2377.458667
-8.8,13,2378.083307
-3.4,9,2378.587562
-4.6,6,2379.033752
-5.8,8,2379.48354
0.8,17,2380.292864
2.3,17,2381.092942
-3.1,11,2381.697516
-6.1,6,2382.138497
6.2,23,2383.089953
-4.6,6,2384.400898
-3.7,7,2384.791255
6.2,28,2385.897299
4.4,16,2386.602482
7.1,19,2387.403188
2.6,14,2388.123448
-5.2,7,2388.605202
-6.1,6,2389.029365
-4.6,6,2389.454152
-4.6,6,2389.876288
-0.4,14,2390.539545
-6.1,6,2390.962591
1.1,14,2391.63251
5.9,21,2392.545893
-2.8,8,2393.043355
-4.6,6,2393.465503
3.5,15,2394.152769
-3.7,7,2394.563186
-6.1,6,2394.98544
4.4,21,2395.863965
-4.3,8,2396.365709
-1.6,11,2396.966098
36.8,52,2398.796484
-7.6,6,2399.223559
9.2,23,2400.182282
14.6,29,2401.295198
-4.6,6,2401.708344
-6.1,6,2402.098779
-3.4,9,2402.602324
-2.8,8,2403.124909
-1.6,11,2403.726484
-2.8,8,2404.214617
0.2,13,2404.820605
-1.9,9,2405.34012
2.0,15,2406.028052
-4.0,10,2406.545997
-6.1,6,2406.946997
16.4,31,2408.137732
0.8,22,2410.141333
-0.4,14,2410.689889
1.7,13,2411.27309
-0.1,11,2411.879606
5.9,26,2412.881731
-1.9,9,2413.387637
-2.2,12,2413.993734
-1.0,10,2414.520887
0.8,12,2415.11751
2.3,17,2415.853295
-6.1,6,2416.279612
-3.7,7,2416.726533
69.2,93,2419.862417
8.6,24,2420.861039
-2.5,10,2421.378419
9.8,22,2422.284626
-2.8,13,2422.892426
7.4,21,2423.797003
1.7,28,2424.920674
-5.2,12,2425.503633
-2.8,8,2426.005813
-1.9,9,2426.530736
5.3,17,2427.217277
-3.4,14,2427.916176
0.8,12,2428.538491
13.7,33,2429.842059
2.3,27,2430.927744
-0.1,21,2431.836729
-6.1,11,2433.431099
-1.0,10,2433.848312
17.3,32,2435.081789
10.1,24,2436.103933
15.5,30,2437.323275
-1.3,13,2438.020896
-4.6,6,2438.428358
19.4,36,2439.81072
-4.6,6,2440.221708
1.4,16,2440.940343
6.2,23,2441.860649
33.2,58,2443.971842
19.7,38,2445.378522
-1.9,9,2445.899262
-2.2,12,2446.521274
7.7,28,2447.636949
17.0,30,2448.827986
-3.4,9,2449.33766
-2.8,8,2449.848715
-1.9,14,2450.541362
-1.6,11,2451.16865
1.7,13,2451.765865
4.7,23,2452.663496
4.1,19,2453.471941
-3.4,9,2453.997333
13.4,31,2455.18957
